{
	"conditions": [{
		"type": "forge:mod_loaded",
		"modid": "twilightforest"
	}],
	"weight": 5,
	"quality": 1.5,
	"dimensions": [
		"twilightforest:twilight_forest"
	],
	"unique": true,
	"min_rarity": "rare",
	"bonuses": [{
			"type": "apotheosis:twilight_treasure_goblin",
			"gem_class": {
				"key": "weapon",
				"types": [
					"heavy_weapon", "sword", "trident", "bow", "crossbow"
				]
			},
			"values": {
				"rare": {
					"chance": 0.005,
					"cooldown": 4800
				},
				"epic": {
					"chance": 0.0075,
					"cooldown": 4800
				},
				"mythic": {
					"chance": 0.01,
					"cooldown": 4800
				},
				"ancient": {
					"chance": 0.015,
					"cooldown": 4800
				}
			}
		},
		{
			"type": "apotheosis:multi_attribute",
			"desc": "bonus.apotheosis:multi_attr.desc.and",
			"gem_class": {
				"key": "shield",
				"types": [
					"shield"
				]
			},
			"modifiers": [{
					"attribute": "apotheosis:healing_received",
					"operation": "MULTIPLY_BASE",
					"values": {
						"rare": 0.10,
						"epic": 0.20,
						"mythic": 0.30,
						"ancient": 0.40
					}
				},
				{
					"attribute": "minecraft:generic.attack_speed",
					"operation": "MULTIPLY_TOTAL",
					"values": {
						"rare": -0.05,
						"epic": -0.10,
						"mythic": -0.15,
						"ancient": -0.20
					}
				}
			]
		},
		{
			"type": "apotheosis:twilight_ore_magnet",
			"gem_class": {
				"key": "pickaxe",
				"types": [
					"pickaxe"
				]
			},
			"values": {
				"rare": 24,
				"epic": 20,
				"mythic": 16,
				"ancient": 12
			}
		},
		{
			"type": "apotheosis:multi_attribute",
			"desc": "bonus.apotheosis:multi_attr.desc.but_and",
			"gem_class": {
				"key": "chestplate",
				"types": [
					"chestplate"
				]
			},
			"modifiers": [{
					"attribute": "apotheosis:armor_shred",
					"operation": "MULTIPLY_TOTAL",
					"values": {
						"rare": 0.35,
						"epic": 0.50,
						"mythic": 0.75,
						"ancient": 1
					}
				},
				{
					"attribute": "apotheosis:prot_shred",
					"operation": "MULTIPLY_TOTAL",
					"values": {
						"rare": -0.25,
						"epic": -0.40,
						"mythic": -0.60,
						"ancient": -0.80
					}
				},
				{
					"attribute": "apotheosis:prot_pierce",
					"operation": "MULTIPLY_TOTAL",
					"values": {
						"rare": -0.25,
						"epic": -0.40,
						"mythic": -0.60,
						"ancient": -0.80
					}
				}
			]
		}
	]
}