{
  "type": "minecraft:entity",
  "pools": [
    {
      "bonus_rolls": 0.0,
      "conditions": [
        {
          "chance": 0.0,
          "condition": "minecraft:random_chance_with_looting",
          "looting_multiplier": 0.005
        },
        {
          "condition": "minecraft:killed_by_player"
        }
      ],
      "entries": [
        {
          "type": "minecraft:item",
          "functions": [
            {
              "add": false,
              "count": 1.0,
              "function": "minecraft:set_count"
            }
          ],
          "name": "scalinghealth:heart_crystal",
          "weight": 12
        },
        {
          "type": "minecraft:item",
          "functions": [
            {
              "add": false,
              "count": 1.0,
              "function": "minecraft:set_count"
            }
          ],
          "name": "scalinghealth:power_crystal",
          "weight": 4
        },
        {
          "type": "minecraft:item",
          "functions": [
            {
              "add": false,
              "count": {
                "type": "minecraft:uniform",
                "max": 11.0,
                "min": 3.0
              },
              "function": "minecraft:set_count"
            }
          ],
          "name": "scalinghealth:heart_crystal_shard",
          "weight": 2
        },
        {
          "type": "minecraft:item",
          "functions": [
            {
              "add": false,
              "count": {
                "type": "minecraft:uniform",
                "max": 12.0,
                "min": 2.0
              },
              "function": "minecraft:set_count"
            }
          ],
          "name": "scalinghealth:power_crystal_shard"
        }
      ],
      "rolls": 1.0
    },
    {
      "bonus_rolls": 0.0,
      "conditions": [
        {
          "condition": "scalinghealth:mob_properties",
          "difficulty": {
            "max": 2.14748365E9,
            "min": 10.0
          },
          "entity": "this",
          "is_blight": false
        },
        {
          "chance": 0.0,
          "condition": "minecraft:random_chance_with_looting",
          "looting_multiplier": 0.005
        }
      ],
      "entries": [
        {
          "type": "minecraft:item",
          "functions": [
            {
              "add": false,
              "count": {
                "type": "minecraft:uniform",
                "max": 2.0,
                "min": 0.0
              },
              "function": "minecraft:set_count"
            }
          ],
          "name": "scalinghealth:bandages",
          "weight": 10
        },
        {
          "type": "minecraft:item",
          "functions": [
            {
              "add": false,
              "count": 1.0,
              "function": "minecraft:set_count"
            }
          ],
          "name": "scalinghealth:medkit"
        }
      ],
      "rolls": 1.0
    },
    {
      "bonus_rolls": 0.0,
      "conditions": [
        {
          "condition": "scalinghealth:mob_properties",
          "difficulty": {
            "max": 2.14748365E9,
            "min": 70.0
          },
          "entity": "this",
          "is_blight": false
        },
        {
          "chance": 0.0,
          "condition": "minecraft:random_chance_with_looting",
          "looting_multiplier": 0.025
        }
      ],
      "entries": [
        {
          "type": "minecraft:item",
          "functions": [
            {
              "add": false,
              "count": 1.0,
              "function": "minecraft:set_count"
            }
          ],
          "name": "scalinghealth:chance_heart"
        },
        {
          "type": "minecraft:item",
          "functions": [
            {
              "add": false,
              "count": 1.0,
              "function": "minecraft:set_count"
            }
          ],
          "name": "scalinghealth:enchanted_heart"
        }
      ],
      "rolls": 1.0
    },
    {
      "bonus_rolls": 0.0,
      "conditions": [
        {
          "condition": "scalinghealth:mob_properties",
          "difficulty": {
            "max": 2.14748365E9,
            "min": 0.0
          },
          "entity": "this",
          "is_blight": true
        },
        {
          "condition": "minecraft:killed_by_player"
        }
      ],
      "entries": [
        {
          "type": "minecraft:item",
          "functions": [
            {
              "add": false,
              "count": {
                "type": "minecraft:uniform",
                "max": 3.0,
                "min": 1.0
              },
              "function": "minecraft:set_count"
            }
          ],
          "name": "scalinghealth:heart_crystal",
          "weight": 10
        },
        {
          "type": "minecraft:item",
          "functions": [
            {
              "add": false,
              "count": {
                "type": "minecraft:uniform",
                "max": 2.0,
                "min": 1.0
              },
              "function": "minecraft:set_count"
            }
          ],
          "name": "scalinghealth:power_crystal",
          "weight": 5
        }
      ],
      "rolls": 1.0
    }
  ],
  "random_sequence": "scalinghealth:bonus_drops/hostile"
}