{
  "id": "skilltree:alchemist_crafting_2",
  "bonuses": [
    {
      "type": "skilltree:crafted_item_bonus",
      "item_condition": {
        "potion_type": "any",
        "type": "skilltree:potion"
      },
      "item_bonus": {
        "chance": 0.1,
        "type": "skilltree:potion_amplification"
      }
    }
  ],
  "connectedSkills": [
    "skilltree:alchemist_crafting_3"
  ],
  "connectedAsGateways": [],
  "backgroundTexture": "skilltree:textures/icons/background/lesser.png",
  "iconTexture": "skilltree:textures/icons/alchemist_crafting_1.png",
  "borderTexture": "skilltree:textures/tooltip/lesser.png",
  "titleColor": "",
  "positionX": 7.1029515E-15,
  "positionY": 94.0,
  "buttonSize": 16,
  "isStartingPoint": false
}