{
  "id": "skilltree:blacksmith_subclass_1_defensive_4",
  "bonuses": [
    {
      "type": "skilltree:attribute",
      "attribute": "minecraft:generic.armor",
      "id": "d1f26934-b007-4b4f-a23b-5aeca6990b99",
      "name": "SkillBonus",
      "amount": 0.5,
      "operation": 0,
      "player_multiplier": {
        "type": "skilltree:none"
      },
      "player_condition": {
        "type": "skilltree:none"
      }
    },
    {
      "type": "skilltree:attribute",
      "attribute": "skilltree:blocking",
      "id": "ef57d70e-3f65-4747-98c0-6cf5451bf8a0",
      "name": "SkillBonus",
      "amount": 0.5,
      "operation": 0,
      "player_multiplier": {
        "type": "skilltree:none"
      },
      "player_condition": {
        "type": "skilltree:none"
      }
    }
  ],
  "connectedSkills": [
    "skilltree:blacksmith_subclass_1"
  ],
  "connectedAsGateways": [],
  "backgroundTexture": "skilltree:textures/icons/background/lesser.png",
  "iconTexture": "skilltree:textures/icons/blacksmith_subclass_1_defensive_1.png",
  "borderTexture": "skilltree:textures/tooltip/lesser.png",
  "titleColor": "",
  "positionX": -172.66338,
  "positionY": -267.09045,
  "buttonSize": 16,
  "isStartingPoint": false
}