{
  "id": "skilltree:blacksmith_crit_notable_1",
  "bonuses": [
    {
      "type": "skilltree:crit_damage",
      "chance": 0.3,
      "player_multiplier": {
        "type": "skilltree:none"
      },
      "player_condition": {
        "item_condition": {
          "armor_type": "shield",
          "type": "skilltree:armor"
        },
        "type": "skilltree:has_item_in_hand"
      },
      "damage_condition": {
        "type": "skilltree:none"
      },
      "target_condition": {
        "type": "skilltree:none"
      }
    }
  ],
  "connectedSkills": [],
  "connectedAsGateways": [],
  "backgroundTexture": "skilltree:textures/icons/background/notable.png",
  "iconTexture": "skilltree:textures/icons/blacksmith_crit_notable_1.png",
  "borderTexture": "skilltree:textures/tooltip/notable.png",
  "titleColor": "",
  "positionX": -257.66266,
  "positionY": -148.7801,
  "buttonSize": 20,
  "isStartingPoint": false
}