{
  "id": "skilltree:blacksmith_offensive_crafting_1",
  "bonuses": [
    {
      "type": "skilltree:damage",
      "chance": 0.1,
      "operation": 1,
      "player_multiplier": {
        "type": "skilltree:none"
      },
      "player_condition": {
        "item_condition": {
          "weapon_type": "any",
          "type": "skilltree:weapon"
        },
        "type": "skilltree:has_item_in_hand"
      },
      "damage_condition": {
        "type": "skilltree:melee"
      },
      "target_condition": {
        "type": "skilltree:none"
      }
    }
  ],
  "connectedSkills": [
    "skilltree:blacksmith_offensive_crafting_2"
  ],
  "connectedAsGateways": [],
  "backgroundTexture": "skilltree:textures/icons/background/lesser.png",
  "iconTexture": "skilltree:textures/icons/blacksmith_offensive_crafting_1.png",
  "borderTexture": "skilltree:textures/tooltip/lesser.png",
  "titleColor": "",
  "positionX": -105.64976,
  "positionY": -91.00758,
  "buttonSize": 16,
  "isStartingPoint": false
}