{
  "id": "skilltree:blacksmith_subclass_2_defensive_4",
  "bonuses": [
    {
      "type": "skilltree:attribute",
      "attribute": "minecraft:generic.armor",
      "id": "014045b6-9fc1-4dd4-ba3a-4dd17e3c8dbf",
      "name": "SkillBonus",
      "amount": 1.0,
      "operation": 0,
      "player_multiplier": {
        "type": "skilltree:none"
      },
      "player_condition": {
        "type": "skilltree:none"
      }
    }
  ],
  "connectedSkills": [
    "skilltree:blacksmith_subclass_2"
  ],
  "connectedAsGateways": [],
  "backgroundTexture": "skilltree:textures/icons/background/lesser.png",
  "iconTexture": "skilltree:textures/icons/blacksmith_subclass_2_defensive_1.png",
  "borderTexture": "skilltree:textures/tooltip/lesser.png",
  "titleColor": "",
  "positionX": -317.63098,
  "positionY": -16.008415,
  "buttonSize": 16,
  "isStartingPoint": false
}