{
  "id": "skilltree:cook_speed_1",
  "bonuses": [
    {
      "type": "skilltree:attribute",
      "attribute": "minecraft:generic.attack_speed",
      "id": "395f2151-924b-47a0-830b-1ca78512c60a",
      "name": "SkillBonus",
      "amount": 0.02,
      "operation": 1,
      "player_multiplier": {
        "type": "skilltree:none"
      },
      "player_condition": {
        "min": 15,
        "type": "skilltree:food_level"
      }
    }
  ],
  "connectedSkills": [
    "skilltree:cook_speed_notable_1"
  ],
  "connectedAsGateways": [],
  "backgroundTexture": "skilltree:textures/icons/background/lesser.png",
  "iconTexture": "skilltree:textures/icons/cook_speed_1.png",
  "borderTexture": "skilltree:textures/tooltip/lesser.png",
  "titleColor": "",
  "positionX": -27.99701,
  "positionY": -271.53247,
  "buttonSize": 16,
  "isStartingPoint": false
}