{
  "id": "skilltree:cook_subclass_2",
  "bonuses": [
    {
      "type": "skilltree:loot_duplication",
      "chance": 0.15,
      "multiplier": 1.0,
      "loot_type": "fishing"
    }
  ],
  "connectedSkills": [
    "skilltree:cook_subclass_2_crafting_1",
    "skilltree:cook_subclass_2_life_1"
  ],
  "connectedAsGateways": [],
  "backgroundTexture": "skilltree:textures/icons/background/class.png",
  "iconTexture": "skilltree:textures/icons/cook_subclass_2.png",
  "borderTexture": "skilltree:textures/tooltip/keystone.png",
  "titleColor": "",
  "positionX": -144.95734,
  "positionY": -315.08533,
  "buttonSize": 24,
  "isStartingPoint": false
}