{
  "id": "skilltree:cook_offensive_crafting_keystone_1",
  "bonuses": [
    {
      "type": "skilltree:attribute",
      "attribute": "skilltree:life_per_hit",
      "id": "adc1a598-9eaa-4b4e-8e4a-b422abfc6575",
      "name": "Skill",
      "amount": 0.1,
      "operation": 0,
      "player_multiplier": {
        "type": "skilltree:food_level"
      },
      "player_condition": {
        "type": "skilltree:none"
      }
    }
  ],
  "connectedSkills": [],
  "connectedAsGateways": [],
  "backgroundTexture": "skilltree:textures/icons/background/keystone.png",
  "iconTexture": "skilltree:textures/icons/cook_offensive_crafting_keystone_1.png",
  "borderTexture": "skilltree:textures/tooltip/keystone.png",
  "titleColor": "",
  "positionX": 92.98723,
  "positionY": -335.04144,
  "buttonSize": 24,
  "isStartingPoint": false
}