{
  "id": "skilltree:enchanter_subclass_2_mastery",
  "bonuses": [
    {
      "type": "skilltree:attribute",
      "attribute": "skilltree:exp_per_minute",
      "id": "7144f5db-7cb3-4d87-8344-1e10c1fbd1d8",
      "name": "SkillBonus",
      "amount": 1.5,
      "operation": 0,
      "player_multiplier": {
        "type": "skilltree:none"
      },
      "player_condition": {
        "type": "skilltree:none"
      }
    }
  ],
  "connectedSkills": [
    "skilltree:enchanter_subclass_2_life_4"
  ],
  "connectedAsGateways": [],
  "backgroundTexture": "skilltree:textures/icons/background/keystone.png",
  "iconTexture": "skilltree:textures/icons/enchanter_subclass_2_mastery.png",
  "borderTexture": "skilltree:textures/tooltip/keystone.png",
  "titleColor": "",
  "positionX": 315.95526,
  "positionY": -349.7826,
  "buttonSize": 24,
  "isStartingPoint": false
}