{
  "id": "skilltree:enchanter_healing_4",
  "bonuses": [
    {
      "type": "skilltree:attribute",
      "attribute": "skilltree:life_on_block",
      "id": "27a6607d-1a3a-4feb-a137-389c3dd47435",
      "name": "SkillBonus",
      "amount": 0.25,
      "operation": 0,
      "player_multiplier": {
        "type": "skilltree:none"
      },
      "player_condition": {
        "type": "skilltree:none"
      }
    }
  ],
  "connectedSkills": [
    "skilltree:enchanter_healing_notable_1"
  ],
  "connectedAsGateways": [],
  "backgroundTexture": "skilltree:textures/icons/background/lesser.png",
  "iconTexture": "skilltree:textures/icons/enchanter_healing_1.png",
  "borderTexture": "skilltree:textures/tooltip/lesser.png",
  "titleColor": "",
  "positionX": 69.2976,
  "positionY": -120.78715,
  "buttonSize": 16,
  "isStartingPoint": false
}