{
  "id": "skilltree:enchanter_subclass_2_crafting_5",
  "bonuses": [
    {
      "type": "skilltree:attribute",
      "attribute": "skilltree:exp_per_minute",
      "id": "b278d8fd-2df0-4481-a366-0f15d46a2ccb",
      "name": "SkillBonus",
      "amount": 0.2,
      "operation": 0,
      "player_multiplier": {
        "type": "skilltree:none"
      },
      "player_condition": {
        "type": "skilltree:none"
      }
    }
  ],
  "connectedSkills": [
    "skilltree:cook_subclass_special"
  ],
  "connectedAsGateways": [],
  "backgroundTexture": "skilltree:textures/icons/background/lesser.png",
  "iconTexture": "skilltree:textures/icons/enchanter_subclass_2_crafting_1.png",
  "borderTexture": "skilltree:textures/tooltip/lesser.png",
  "titleColor": "",
  "positionX": 238.92113,
  "positionY": -349.78406,
  "buttonSize": 16,
  "isStartingPoint": false
}