{
  "id": "skilltree:enchanter_lesser_1",
  "bonuses": [
    {
      "type": "skilltree:enchantment_requirement",
      "multiplier": -0.05
    }
  ],
  "connectedSkills": [
    "skilltree:enchanter_lesser_3"
  ],
  "connectedAsGateways": [],
  "backgroundTexture": "skilltree:textures/icons/background/lesser.png",
  "iconTexture": "skilltree:textures/icons/enchanter_lesser_1.png",
  "borderTexture": "skilltree:textures/tooltip/lesser.png",
  "titleColor": "",
  "positionX": 266.19476,
  "positionY": -186.00385,
  "buttonSize": 16,
  "isStartingPoint": false
}