{
  "id": "skilltree:hunter_offensive_crafting_4",
  "bonuses": [
    {
      "type": "skilltree:crafted_item_bonus",
      "item_condition": {
        "weapon_type": "ranged",
        "type": "skilltree:weapon"
      },
      "item_bonus": {
        "skill_bonus": {
          "attribute": "minecraft:generic.attack_speed",
          "id": "fa8d86cf-788b-4d7b-a804-147548bc34f4",
          "name": "SkillBonus",
          "amount": 0.04,
          "operation": 1,
          "player_multiplier": {
            "type": "skilltree:none"
          },
          "player_condition": {
            "type": "skilltree:none"
          },
          "type": "skilltree:attribute"
        },
        "type": "skilltree:skill_bonus"
      }
    }
  ],
  "connectedSkills": [
    "skilltree:hunter_offensive_notable_1"
  ],
  "connectedAsGateways": [],
  "backgroundTexture": "skilltree:textures/icons/background/lesser.png",
  "iconTexture": "skilltree:textures/icons/hunter_offensive_crafting_1.png",
  "borderTexture": "skilltree:textures/tooltip/lesser.png",
  "titleColor": "",
  "positionX": 144.64903,
  "positionY": 158.5588,
  "buttonSize": 16,
  "isStartingPoint": false
}