{
    "name": "Haste",
    "icon": "minecraft:textures/mob_effect/haste.png",
    "category": "apotheosis:potion/recipes",
	"flag": "apotheosis:potion",
	"sortnum": 1,
    "pages": [
        {
            "type": "patchouli:text",
            "text": "$(9)Haste$() is another useful effect that has no recipe in vanilla.$(p)Each level gives +20% mining speed."
        },
		{
            "type": "patchouli:spotlight",
			"title": "Brewing Recipe",
			"item": "minecraft:mushroom_stew",
            "text": "This potion can be crafted with an Awkward Potion and some Mushroom Stew.$(p)It can be extended, strengthend, or turned into a splash potion with the usual ingredients."
        }
	]
}