{
    "name": "Luck",
    "icon": "minecraft:textures/mob_effect/luck.png",
    "category": "apotheosis:potion/recipes",
	"flag": "apotheosis:potion",
	"sortnum": 0,
    "pages": [
        {
            "type": "patchouli:text",
            "text": "$(6)Luck$() is a very peculiar effect.$(p)Having more luck means you can receive better loot from certain sources.$(p)Unfortunately, there's no way to tell what loot sources are impacted by $(6)Luck$()."
        },
		{
            "type": "patchouli:spotlight",
			"title": "Brewing Recipe",
			"item": "apotheosis:lucky_foot",
			"link_recipe": true,
            "text": "This potion can be crafted with an Awkward Potion and a Lucky Rabbit's Foot.$(p)The Lucky Rabbit's Foot is rarely dropped by rabbits."
        }
	]
}