{
    "name": "Wither",
    "icon": "minecraft:textures/mob_effect/wither.png",
    "category": "apotheosis:potion/recipes",
	"flag": "&apotheosis:potion,apotheosis:wstloaded",
	"sortnum": 0,
    "pages": [
        {
            "type": "patchouli:text",
            "text": "$(c)Wither$() is a hostile effect that can not normally be crafted.$(p)While inflicted with it, you will take damage every tick.$(p)Unlike Poison, this damage is lethal."
        },
		{
            "type": "patchouli:spotlight",
			"title": "Brewing Recipe",
			"item": "wstweaks:fragment",
            "text": "This potion can be crafted with an Awkward Potion and a Wither Skull Fragment.$(p)It can be extended, strengthend, or turned into a splash potion with the usual ingredients."
        }
	]
}