{
  "type": "minecraft:crafting_shaped",
  "category": "equipment",
  "group": "scalinghealth",
  "key": {
    "a": {
      "item": "scalinghealth:heart_dust"
    },
    "b": {
      "tag": "forge:ingots/iron"
    },
    "c": {
      "item": "scalinghealth:bandages"
    },
    "d": {
      "item": "minecraft:glistering_melon_slice"
    },
    "e": {
      "item": "minecraft:terracotta"
    }
  },
  "pattern": [
    "aba",
    "cdc",
    "eee"
  ],
  "result": {
    "count": 2,
    "item": "scalinghealth:medkit"
  },
  "show_notification": false
}