{
	"conditions": [{
		"type": "forge:mod_loaded",
		"modid": "twilightforest"
	}],
	"weight": 100,
	"mainhands": [{
			"weight": 3,
			"stack": {
				"item": "twilightforest:ironwood_sword"
			}
		},
		{
			"weight": 3,
			"stack": {
				"item": "twilightforest:ironwood_axe"
			}
		},
		{
			"weight": 2,
			"stack": {
				"item": "twilightforest:ironwood_pickaxe"
			}
		},
		{
			"weight": 2,
			"stack": {
				"item": "twilightforest:ironwood_shovel"
			}
		}
	],
	"offhands": [{
		"weight": 1,
		"stack": {
			"item": "minecraft:shield"
		}
	}],
	"boots": [{
		"weight": 1,
		"stack": {
			"item": "twilightforest:ironwood_boots"
		}
	}],
	"leggings": [{
		"weight": 1,
		"stack": {
			"item": "twilightforest:ironwood_leggings"
		}
	}],
	"chestplates": [{
		"weight": 1,
		"stack": {
			"item": "twilightforest:ironwood_chestplate"
		}
	}],
	"helmets": [{
		"weight": 1,
		"stack": {
			"item": "twilightforest:ironwood_helmet"
		}
	}],
	"tags": [
		"twilight"
	]
}