{
    "name": "Infusion Enchanting",
    "icon": "apotheosis:infused_hellshelf",
    "category": "apotheosis:enchanting/table",
	"flag": "apotheosis:enchanting",
    "pages": [
        {
            "type": "patchouli:text",
            "text": "$(9)Infusion Enchanting$() is a new method of crafting through the Enchantment Table.$(p)Each infusion recipe has a single item input, and three stat requirements."
        },
		{
			"type": "patchouli:text",
			"text": "Each stat requirement will typically require at least some value, and will optionally have a maximum value.$(p)Infusion enchantments only use the third slot, and will let you over-spend experience."
		},
		{
			"type": "patchouli:text",
			"text": "To perform an infusion enchantment, just place the item in the slot.$(p)If you have the correct stats, the third slot will light up, and clicking it will perform the infusion."
		}
	]
}