{
    "name": "Enchanting Seed",
    "icon": "minecraft:wheat_seeds",
    "category": "apotheosis:enchanting/table",
	"flag": "apotheosis:enchanting",
    "pages": [
        {
            "type": "patchouli:text",
            "text": "Everything in enchanting (and some other mechanics) are based on your $(9)Enchanting Seed$().$(p)The seed is changed whenever you enchant an item at an enchanting table."
        },
		{
			"type": "patchouli:text",
			"text": "Unless your seed changes, all seed-based random outcomes will remain the same.$(p)For example, what enchantments are selected for a particular slot is a seed-based random outcome."
		}
	]
}