{
  "startingValue" : 0,
  "minValue" : 0,
  "maxValue" : 250,
  "changePerSecond" : 0.0,
  "mode" : {
    "type" : "average",
    "radius" : 128
  },
  "groupBonus" : "1 + 0.0 * (areaPlayerCount - 1)",
  "groupBonusRadius" : 128,
  "idleMultiplier" : 0.5,
  "afkMessage" : false,
  "timeBeforeAfk" : 120,
  "sleepWarningMessage": false,
  "multipliers" : {
    "lunarMultipliers" : [1.0, 1.0, 1.0, 1.0, 1.0, 1.0, 1.0, 1.0],
    "locationMultipliers" : [
      {
        "scale" : 1.0,
        "dimensions" : ["minecraft:the_end", "minecraft:the_nether"]
      },
      {
        "scale" : 1.0,
        "dimensions" : ["minecraft:overworld"],
        "biomes" : ["minecraft:swamp", "minecraft:swamp_hills"]
      }
    ]
  },
  "mutators" : {
    "onBlightKilled" : "difficulty",
    "onHostileKilled" : "difficulty",
    "onPeacefulKilled" : "difficulty",
    "onPlayerKilled" : "difficulty",
    "onPlayerDeath" : "difficulty",
    "onPlayerSleep" : "difficulty",
    "byEntity" : [
      {
        "entities" : ["minecraft:villager"],
        "onKilled" : "difficulty + 0.0"
      },
      {
        "entities" : ["minecraft:wither", "minecraft:ender_dragon"],
        "onKilled" : "difficulty"
      }
    ]
  }
}