{
  "healthMode" : {
    "operation" : "MULTIPLY_BASE",
    "scaling_reduction" : 0.5
  },
  "general" : {
    "passiveMultiplier" : 0.375,
    "hostileMultiplier" : 0.375,
    "hostilePotionChance" : 0.06,
    "peacefulPotionChance" : 0.005,
    "damageBoostScale" : 0.0,
    "maxDamageBoost" : 100,
    "spawnerModifier" : 0.3,
    "xpBoost" : 0.03
  },
  "effects" :
  [
    {
      "effect" : "minecraft:speed",
      "level" : 1,
      "minDifficulty" : 15,
      "durationInMinutes" : 10.0
    },
    {
      "effect" : "minecraft:speed",
      "level" : 2,
      "minDifficulty" : 50,
      "durationInMinutes" : 10.0
    },
    {
      "effect" : "minecraft:strength",
      "level" : 1,
      "minDifficulty" : 30,
      "durationInMinutes" : 10.0
    },
    {
      "effect" : "minecraft:fire_resistance",
      "level" : 1,
      "minDifficulty" : 10,
      "durationInMinutes" : 10.0
    },
    {
      "effect" : "minecraft:invisibility",
      "level" : 1,
      "minDifficulty" : 35,
      "durationInMinutes" : 10.0
    },
    {
      "effect" : "minecraft:resistance",
      "level" : 1,
      "minDifficulty" : 40,
      "durationInMinutes" : 10.0
    }
  ],
  "blights" : {
    "blightChance" : 0.0,
    "blightXpBoost" : 2,
    "notifyBlightDeath" : true,
    "blightDifficultyModifier" : 1.7,
    "effects" :
    [
      {
        "effect" : "minecraft:speed",
        "level" : 4,
        "minDifficulty" : 20,
        "durationInMinutes" : 5.0
      },
      {
        "effect" : "minecraft:fire_resistance",
        "level" : 1,
        "minDifficulty" : 0,
        "durationInMinutes" : 10.0
      },
      {
        "effect" : "minecraft:strength",
        "level" : 2,
        "minDifficulty" : 40,
        "durationInMinutes" : 5.0
      },
      {
        "effect" : "minecraft:resistance",
        "level" : 2,
        "minDifficulty" : 40,
        "durationInMinutes" : 5.0
      }
    ]
  },
  "pets" : {
    "petsRegenDelay" : 30,
    "petsHealthCrystalGain" : 5
  }
}