{
  "id": "skilltree:alchemist_subclass_2",
  "bonuses": [
    {
      "type": "skilltree:incoming_healing",
      "multiplier": 0.15,
      "player_multiplier": {
        "type": "skilltree:none"
      },
      "player_condition": {
        "type": "skilltree:none"
      }
    }
  ],
  "connectedSkills": [
    "skilltree:alchemist_subclass_2_crafting_1",
    "skilltree:alchemist_subclass_2_life_1"
  ],
  "connectedAsGateways": [],
  "backgroundTexture": "skilltree:textures/icons/background/class.png",
  "iconTexture": "skilltree:textures/icons/alchemist_subclass_2.png",
  "borderTexture": "skilltree:textures/tooltip/keystone.png",
  "titleColor": "",
  "positionX": 144.95734,
  "positionY": 315.08533,
  "buttonSize": 24,
  "isStartingPoint": false
}