{
  "id": "skilltree:blacksmith_subclass_2",
  "bonuses": [
    {
      "type": "skilltree:repair_efficiency",
      "item_condition": {
        "type": "skilltree:equipment"
      },
      "multiplier": 1.0
    }
  ],
  "connectedSkills": [
    "skilltree:blacksmith_subclass_2_crafting_1",
    "skilltree:blacksmith_subclass_2_life_1"
  ],
  "connectedAsGateways": [],
  "backgroundTexture": "skilltree:textures/icons/background/class.png",
  "iconTexture": "skilltree:textures/icons/blacksmith_subclass_2.png",
  "borderTexture": "skilltree:textures/tooltip/keystone.png",
  "titleColor": "",
  "positionX": -345.34277,
  "positionY": -32.010185,
  "buttonSize": 24,
  "isStartingPoint": false
}