{
  "id": "skilltree:blacksmith_class",
  "bonuses": [
    {
      "type": "skilltree:crafted_item_bonus",
      "item_condition": {
        "type": "skilltree:equipment"
      },
      "item_bonus": {
        "chance": 2.5,
        "operation": 1,
        "type": "skilltree:durability"
      }
    },
    {
      "type": "skilltree:damage",
      "chance": -0.1,
      "operation": 1,
      "player_multiplier": {
        "type": "skilltree:none"
      },
      "player_condition": {
        "type": "skilltree:none"
      },
      "damage_condition": {
        "type": "skilltree:none"
      },
      "target_condition": {
        "type": "skilltree:none"
      }
    },
    {
      "type": "skilltree:attribute",
      "attribute": "epicfight:weight",
      "id": "16e499ca-129e-4d1f-9f78-0c92e186381e",
      "name": "Skill",
      "amount": 0.25,
      "operation": 1,
      "player_multiplier": {
        "type": "skilltree:none"
      },
      "player_condition": {
        "type": "skilltree:none"
      }
    }
  ],
  "connectedSkills": [
    "skilltree:blacksmith_defensive_1",
    "skilltree:blacksmith_offensive_1",
    "skilltree:blacksmith_defensive_crafting_1",
    "skilltree:blacksmith_offensive_crafting_1",
    "skilltree:blacksmith_crafting_1"
  ],
  "connectedAsGateways": [],
  "backgroundTexture": "skilltree:textures/icons/background/class.png",
  "iconTexture": "skilltree:textures/icons/blacksmith_class.png",
  "borderTexture": "skilltree:textures/tooltip/keystone.png",
  "titleColor": "",
  "positionX": -131.631,
  "positionY": -76.008415,
  "buttonSize": 24,
  "isStartingPoint": true
}