{
  "id": "skilltree:enchanter_subclass_2_life_notable_1",
  "bonuses": [
    {
      "type": "skilltree:attribute",
      "attribute": "minecraft:generic.max_health",
      "id": "04a6f9d1-521d-4c9f-a97d-1f29500200bf",
      "name": "SkillBonus",
      "amount": 6.0,
      "operation": 0,
      "player_multiplier": {
        "type": "skilltree:none"
      },
      "player_condition": {
        "type": "skilltree:none"
      }
    }
  ],
  "connectedSkills": [],
  "connectedAsGateways": [],
  "backgroundTexture": "skilltree:textures/icons/background/notable.png",
  "iconTexture": "skilltree:textures/icons/enchanter_subclass_2_life_notable_1.png",
  "borderTexture": "skilltree:textures/tooltip/notable.png",
  "titleColor": "",
  "positionX": 325.9333,
  "positionY": -307.06915,
  "buttonSize": 20,
  "isStartingPoint": false
}