{
  "id": "skilltree:enchanter_subclass_special",
  "bonuses": [
    {
      "type": "skilltree:crafted_item_bonus",
      "item_condition": {
        "slot": "quiver",
        "type": "skilltree:curio"
      },
      "item_bonus": {
        "skill_bonus": {
          "chance": 0.1,
          "operation": 1,
          "player_multiplier": {
            "type": "skilltree:none"
          },
          "player_condition": {
            "type": "skilltree:none"
          },
          "damage_condition": {
            "type": "skilltree:none"
          },
          "target_condition": {
            "type": "skilltree:burning"
          },
          "type": "skilltree:damage"
        },
        "type": "skilltree:skill_bonus"
      }
    },
    {
      "type": "skilltree:crafted_item_bonus",
      "item_condition": {
        "slot": "quiver",
        "type": "skilltree:curio"
      },
      "item_bonus": {
        "skill_bonus": {
          "chance": 0.1,
          "duration": 5,
          "player_multiplier": {
            "type": "skilltree:none"
          },
          "player_condition": {
            "type": "skilltree:none"
          },
          "target_condition": {
            "type": "skilltree:none"
          },
          "type": "skilltree:ignite_chance"
        },
        "type": "skilltree:skill_bonus"
      }
    }
  ],
  "connectedSkills": [],
  "connectedAsGateways": [],
  "backgroundTexture": "skilltree:textures/icons/background/notable.png",
  "iconTexture": "skilltree:textures/icons/enchanter_subclass_special_1.png",
  "borderTexture": "skilltree:textures/tooltip/notable.png",
  "titleColor": "",
  "positionX": 422.38455,
  "positionY": 0.0072574615,
  "buttonSize": 20,
  "isStartingPoint": false
}