{
  "id": "skilltree:hunter_offensive_crafting_5",
  "bonuses": [
    {
      "type": "skilltree:attribute",
      "attribute": "minecraft:generic.attack_speed",
      "id": "b1f302ad-678c-4990-8b42-d19ae9702407",
      "name": "Skill",
      "amount": 0.04,
      "operation": 1,
      "player_multiplier": {
        "type": "skilltree:none"
      },
      "player_condition": {
        "item_condition": {
          "weapon_type": "ranged",
          "type": "skilltree:weapon"
        },
        "type": "skilltree:has_item_in_hand"
      }
    }
  ],
  "connectedSkills": [
    "skilltree:hunter_offensive_crafting_6"
  ],
  "connectedAsGateways": [],
  "backgroundTexture": "skilltree:textures/icons/background/lesser.png",
  "iconTexture": "skilltree:textures/icons/hunter_offensive_crafting_1.png",
  "borderTexture": "skilltree:textures/tooltip/lesser.png",
  "titleColor": "",
  "positionX": 172.64749,
  "positionY": 207.05713,
  "buttonSize": 16,
  "isStartingPoint": false
}