{
  "id": "skilltree:hunter_life_1",
  "bonuses": [
    {
      "type": "skilltree:attribute",
      "attribute": "minecraft:generic.max_health",
      "id": "6e48b8c7-f32c-4588-a98e-5b5a5170667f",
      "name": "SkillBonus",
      "amount": 0.05,
      "operation": 0,
      "player_multiplier": {
        "attribute": "skilltree:evasion",
        "type": "skilltree:attribute_value"
      },
      "player_condition": {
        "type": "skilltree:none"
      }
    }
  ],
  "connectedSkills": [
    "skilltree:hunter_life_notable_1"
  ],
  "connectedAsGateways": [],
  "backgroundTexture": "skilltree:textures/icons/background/lesser.png",
  "iconTexture": "skilltree:textures/icons/hunter_life_1.png",
  "borderTexture": "skilltree:textures/tooltip/lesser.png",
  "titleColor": "",
  "positionX": 226.63171,
  "positionY": 98.52425,
  "buttonSize": 16,
  "isStartingPoint": false
}