{
  "id": "skilltree:miner_crafting_3",
  "bonuses": [
    {
      "type": "skilltree:attribute",
      "attribute": "irons_spellbooks:max_mana",
      "id": "182ca546-4749-409b-a71f-af1bda071980",
      "name": "Skill",
      "amount": 15.0,
      "operation": 0,
      "player_multiplier": {
        "type": "skilltree:none"
      },
      "player_condition": {
        "type": "skilltree:none"
      }
    }
  ],
  "connectedSkills": [
    "skilltree:miner_crafting_notable_1"
  ],
  "connectedAsGateways": [],
  "backgroundTexture": "skilltree:textures/icons/background/lesser.png",
  "iconTexture": "skilltree:textures/icons/miner_crafting_1.png",
  "borderTexture": "skilltree:textures/tooltip/lesser.png",
  "title": "Additional Mana",
  "titleColor": "",
  "positionX": -58.02,
  "positionY": 33.5,
  "buttonSize": 16,
  "isStartingPoint": false
}