{
  "id": "skilltree:miner_defensive_1",
  "bonuses": [
    {
      "type": "skilltree:attribute",
      "attribute": "irons_spellbooks:cast_time_reduction",
      "id": "4959cf0e-1185-4586-939c-110621f1b6b0",
      "name": "SkillBonus",
      "amount": 0.05,
      "operation": 1,
      "player_multiplier": {
        "type": "skilltree:none"
      },
      "player_condition": {
        "type": "skilltree:none"
      }
    }
  ],
  "connectedSkills": [
    "skilltree:miner_defensive_2"
  ],
  "connectedAsGateways": [],
  "backgroundTexture": "skilltree:textures/icons/background/lesser.png",
  "iconTexture": "skilltree:textures/icons/miner_defensive_1.png",
  "borderTexture": "skilltree:textures/tooltip/lesser.png",
  "titleColor": "",
  "positionX": -146.63995,
  "positionY": 101.97559,
  "buttonSize": 16,
  "isStartingPoint": false
}