{
	"type": "apotheosis:attribute",
	"attribute": "forge:reach_distance",
	"operation": "ADDITION",
	"values": {
		"common": {
			"min": 0.5,
			"steps": 3,
			"step": 0.5
		},
		"uncommon": {
			"min": 0.5,
			"steps": 3,
			"step": 0.5
		},
		"rare": {
			"min": 0.5,
			"steps": 4,
			"step": 0.5
		},
		"epic": {
			"min": 1,
			"steps": 4,
			"step": 0.5
		},
		"mythic": {
			"min": 1.5,
			"steps": 5,
			"step": 0.5
		},
		"ancient": {
			"min": 2,
			"steps": 2,
			"step": 0.5
		}
	},
	"types": [
		"pickaxe", "shovel"
	]
}