{
  "id": "skilltree:alchemist_lesser_5",
  "bonuses": [
    {
      "type": "skilltree:crafted_item_bonus",
      "item_condition": {
        "potion_type": "any",
        "type": "skilltree:potion"
      },
      "item_bonus": {
        "multiplier": 0.05,
        "type": "skilltree:potion_duration"
      }
    }
  ],
  "connectedSkills": [
    "skilltree:alchemist_lesser_3",
    "skilltree:alchemist_lesser_6"
  ],
  "connectedAsGateways": [],
  "backgroundTexture": "skilltree:textures/icons/background/lesser.png",
  "iconTexture": "skilltree:textures/icons/alchemist_lesser_1.png",
  "borderTexture": "skilltree:textures/tooltip/lesser.png",
  "titleColor": "",
  "positionX": 0.0029907227,
  "positionY": 349.52728,
  "buttonSize": 16,
  "isStartingPoint": false
}