{
  "id": "skilltree:blacksmith_defensive_crafting_4",
  "bonuses": [
    {
      "type": "skilltree:crafted_item_bonus",
      "item_condition": {
        "armor_type": "any",
        "type": "skilltree:armor"
      },
      "item_bonus": {
        "skill_bonus": {
          "attribute": "minecraft:generic.armor",
          "id": "6fe88f8f-bc6b-4e59-a8a6-75e170e4d738",
          "name": "SkillBonus",
          "amount": 0.1,
          "operation": 0,
          "player_multiplier": {
            "type": "skilltree:none"
          },
          "player_condition": {
            "type": "skilltree:none"
          },
          "type": "skilltree:attribute"
        },
        "type": "skilltree:skill_bonus"
      }
    }
  ],
  "connectedSkills": [
    "skilltree:blacksmith_defensive_notable_1"
  ],
  "connectedAsGateways": [],
  "backgroundTexture": "skilltree:textures/icons/background/lesser.png",
  "iconTexture": "skilltree:textures/icons/blacksmith_defensive_crafting_1.png",
  "borderTexture": "skilltree:textures/tooltip/lesser.png",
  "titleColor": "",
  "positionX": -209.631,
  "positionY": -46.008415,
  "buttonSize": 16,
  "isStartingPoint": false
}