{
  "id": "skilltree:blacksmith_defensive_keystone_1",
  "bonuses": [
    {
      "type": "skilltree:attribute",
      "attribute": "minecraft:generic.armor",
      "id": "e7881294-a53a-4544-ba78-303fbb113732",
      "name": "SkillBonus",
      "amount": 0.1,
      "operation": 1,
      "player_multiplier": {
        "type": "skilltree:none"
      },
      "player_condition": {
        "attribute": "minecraft:generic.armor",
        "min": 50.0,
        "type": "skilltree:attribute_value"
      }
    },
    {
      "type": "skilltree:attribute",
      "attribute": "minecraft:generic.armor",
      "id": "1c5b4fc3-b963-4764-b998-8fdb1f89abc7",
      "name": "SkillBonus",
      "amount": 0.1,
      "operation": 1,
      "player_multiplier": {
        "type": "skilltree:none"
      },
      "player_condition": {
        "attribute": "minecraft:generic.armor",
        "min": 100.0,
        "type": "skilltree:attribute_value"
      }
    }
  ],
  "connectedSkills": [],
  "connectedAsGateways": [],
  "backgroundTexture": "skilltree:textures/icons/background/keystone.png",
  "iconTexture": "skilltree:textures/icons/blacksmith_defensive_keystone_1.png",
  "borderTexture": "skilltree:textures/tooltip/keystone.png",
  "titleColor": "",
  "positionX": -355.67413,
  "positionY": -143.01584,
  "buttonSize": 24,
  "isStartingPoint": false
}