{
  "id": "skilltree:cook_defensive_crafting_keystone_1",
  "bonuses": [
    {
      "type": "skilltree:crafted_item_bonus",
      "item_condition": {
        "type": "skilltree:food"
      },
      "item_bonus": {
        "amount": 1.0,
        "type": "skilltree:food_healing"
      }
    }
  ],
  "connectedSkills": [],
  "connectedAsGateways": [],
  "backgroundTexture": "skilltree:textures/icons/background/keystone.png",
  "iconTexture": "skilltree:textures/icons/cook_defensive_crafting_keystone_1.png",
  "borderTexture": "skilltree:textures/tooltip/keystone.png",
  "titleColor": "",
  "positionX": -92.97753,
  "positionY": -335.05035,
  "buttonSize": 24,
  "isStartingPoint": false
}