{
  "id": "skilltree:cook_subclass_2_crafting_notable_1",
  "bonuses": [
    {
      "type": "skilltree:gained_experience",
      "multiplier": 0.5,
      "experience_source": "fishing"
    }
  ],
  "connectedSkills": [],
  "connectedAsGateways": [],
  "backgroundTexture": "skilltree:textures/icons/background/notable.png",
  "iconTexture": "skilltree:textures/icons/cook_subclass_2_crafting_notable_1.png",
  "borderTexture": "skilltree:textures/tooltip/notable.png",
  "titleColor": "",
  "positionX": -186.93625,
  "positionY": -435.8003,
  "buttonSize": 20,
  "isStartingPoint": false
}