{
  "id": "skilltree:enchanter_speed_2",
  "bonuses": [
    {
      "type": "skilltree:attribute",
      "attribute": "minecraft:generic.attack_speed",
      "id": "2ef16ea6-2532-4b34-8ff3-180b8cef68e3",
      "name": "SkillBonus",
      "amount": 0.02,
      "operation": 1,
      "player_multiplier": {
        "type": "skilltree:none"
      },
      "player_condition": {
        "item_condition": {
          "item_condition": {
            "weapon_type": "any",
            "type": "skilltree:weapon"
          },
          "type": "skilltree:enchanted"
        },
        "type": "skilltree:has_item_in_hand"
      }
    }
  ],
  "connectedSkills": [
    "skilltree:enchanter_speed_notable_1"
  ],
  "connectedAsGateways": [],
  "backgroundTexture": "skilltree:textures/icons/background/lesser.png",
  "iconTexture": "skilltree:textures/icons/enchanter_speed_1.png",
  "borderTexture": "skilltree:textures/tooltip/lesser.png",
  "titleColor": "",
  "positionX": 249.15608,
  "positionY": -111.512146,
  "buttonSize": 16,
  "isStartingPoint": false
}