{
  "id": "skilltree:enchanter_offensive_keystone_1",
  "bonuses": [
    {
      "type": "skilltree:damage",
      "chance": 0.05,
      "operation": 1,
      "player_multiplier": {
        "item_condition": {
          "weapon_type": "any",
          "type": "skilltree:weapon"
        },
        "type": "skilltree:enchants_levels"
      },
      "player_condition": {
        "type": "skilltree:none"
      },
      "damage_condition": {
        "type": "skilltree:none"
      },
      "target_condition": {
        "type": "skilltree:none"
      }
    }
  ],
  "connectedSkills": [],
  "connectedAsGateways": [],
  "backgroundTexture": "skilltree:textures/icons/background/keystone.png",
  "iconTexture": "skilltree:textures/icons/enchanter_offensive_keystone_1.png",
  "borderTexture": "skilltree:textures/tooltip/keystone.png",
  "titleColor": "",
  "positionX": 355.68784,
  "positionY": -142.9921,
  "buttonSize": 24,
  "isStartingPoint": false
}