{
  "id": "skilltree:enchanter_subclass_1_crafting_2",
  "bonuses": [
    {
      "type": "skilltree:crafted_item_bonus",
      "item_condition": {
        "weapon_type": "any",
        "type": "skilltree:weapon"
      },
      "item_bonus": {
        "skill_bonus": {
          "chance": 0.05,
          "duration": 5,
          "player_multiplier": {
            "type": "skilltree:none"
          },
          "player_condition": {
            "type": "skilltree:none"
          },
          "target_condition": {
            "type": "skilltree:none"
          },
          "type": "skilltree:ignite_chance"
        },
        "type": "skilltree:skill_bonus"
      }
    }
  ],
  "connectedSkills": [
    "skilltree:enchanter_subclass_1_crafting_3",
    "skilltree:enchanter_subclass_1_crafting_5"
  ],
  "connectedAsGateways": [],
  "backgroundTexture": "skilltree:textures/icons/background/lesser.png",
  "iconTexture": "skilltree:textures/icons/enchanter_subclass_1_crafting_1.png",
  "borderTexture": "skilltree:textures/tooltip/lesser.png",
  "titleColor": "",
  "positionX": 399.8687,
  "positionY": -44.994183,
  "buttonSize": 16,
  "isStartingPoint": false
}