{
  "id": "skilltree:hunter_life_2",
  "bonuses": [
    {
      "type": "skilltree:attribute",
      "attribute": "minecraft:generic.max_health",
      "id": "55d6e5e1-7595-4f1f-bbfc-eebfa970dc74",
      "name": "SkillBonus",
      "amount": 0.05,
      "operation": 0,
      "player_multiplier": {
        "attribute": "skilltree:evasion",
        "type": "skilltree:attribute_value"
      },
      "player_condition": {
        "type": "skilltree:none"
      }
    }
  ],
  "connectedSkills": [
    "skilltree:hunter_life_notable_1"
  ],
  "connectedAsGateways": [],
  "backgroundTexture": "skilltree:textures/icons/background/lesser.png",
  "iconTexture": "skilltree:textures/icons/hunter_life_1.png",
  "borderTexture": "skilltree:textures/tooltip/lesser.png",
  "titleColor": "",
  "positionX": 198.62946,
  "positionY": 147.02505,
  "buttonSize": 16,
  "isStartingPoint": false
}