{
  "id": "skilltree:hunter_defensive_crafting_keystone_1",
  "bonuses": [
    {
      "type": "skilltree:crafted_item_bonus",
      "item_condition": {
        "armor_type": "helmet",
        "type": "skilltree:armor"
      },
      "item_bonus": {
        "amount": 1,
        "type": "skilltree:sockets"
      }
    }
  ],
  "connectedSkills": [],
  "connectedAsGateways": [],
  "backgroundTexture": "skilltree:textures/icons/background/keystone.png",
  "iconTexture": "skilltree:textures/icons/hunter_defensive_crafting_keystone_1.png",
  "borderTexture": "skilltree:textures/tooltip/keystone.png",
  "titleColor": "",
  "positionX": 336.64246,
  "positionY": 87.01296,
  "buttonSize": 24,
  "isStartingPoint": false
}