{
  "id": "skilltree:miner_crafting_1",
  "bonuses": [
    {
      "type": "skilltree:attribute",
      "attribute": "irons_spellbooks:max_mana",
      "id": "4c6361a0-f321-46b0-b93b-8d06e550689a",
      "name": "Skill",
      "amount": 0.1,
      "operation": 2,
      "player_multiplier": {
        "type": "skilltree:none"
      },
      "player_condition": {
        "type": "skilltree:none"
      }
    }
  ],
  "connectedSkills": [
    "skilltree:miner_crafting_2"
  ],
  "connectedAsGateways": [],
  "backgroundTexture": "skilltree:textures/icons/background/lesser.png",
  "iconTexture": "skilltree:textures/icons/miner_crafting_1.png",
  "borderTexture": "skilltree:textures/tooltip/lesser.png",
  "title": "Additional Mana",
  "titleColor": "",
  "positionX": -104.79,
  "positionY": 60.5,
  "buttonSize": 16,
  "isStartingPoint": false
}