{
    "name": "Bamboo",
    "icon": "minecraft:bamboo",
    "category": "apotheosis:garden/garden",
	"flag": "apotheosis:garden",
	"sortnum": 0,
    "pages": [
        {
            "type": "patchouli:text",
            "text": "Bamboo can now grow up to 32 blocks tall.$(p)Bamboo growth is a bit weird though, so it won't always reach exactly this height.$(p)This value is configurable, so it might be a bit higher (or lower) than that based on modpack."
        }
	],
	"extra_recipe_mappings": {
		"minecraft:bamboo": 0
	}
}