{
    "name": "Ender Lead",
    "icon": "apotheosis:ender_lead",
    "category": "apotheosis:garden/garden",
	"flag": "apotheosis:garden",
	"sortnum": 1,
    "pages": [
        {
            "type": "patchouli:text",
            "text": "The Ender Lead is an item that allows you to capture farm animals.$(p)Punch an animal with the lead to capture it, and right click to release.$(p)Farm animals are usually only those that can be bred."
        },
		{
            "type": "patchouli:crafting",
			"recipe": "apotheosis:ender_lead",
			"text": ""
		}
	]
}