{
  "id": "skilltree:blacksmith_life_2",
  "bonuses": [
    {
      "type": "skilltree:attribute",
      "attribute": "minecraft:generic.max_health",
      "id": "5490fa31-ff2f-448c-91d4-62c5db5a0902",
      "name": "SkillBonus",
      "amount": 1.0,
      "operation": 0,
      "player_multiplier": {
        "type": "skilltree:none"
      },
      "player_condition": {
        "item_condition": {
          "armor_type": "shield",
          "type": "skilltree:armor"
        },
        "type": "skilltree:has_item_in_hand"
      }
    }
  ],
  "connectedSkills": [
    "skilltree:blacksmith_life_notable_1"
  ],
  "connectedAsGateways": [],
  "backgroundTexture": "skilltree:textures/icons/background/lesser.png",
  "iconTexture": "skilltree:textures/icons/blacksmith_life_1.png",
  "borderTexture": "skilltree:textures/tooltip/lesser.png",
  "titleColor": "",
  "positionX": -198.62946,
  "positionY": -147.02505,
  "buttonSize": 16,
  "isStartingPoint": false
}