{
  "id": "skilltree:cook_subclass_1_defensive_3",
  "bonuses": [
    {
      "type": "skilltree:attribute",
      "attribute": "skilltree:blocking",
      "id": "d7882760-ca1a-4f2c-8952-3710b5e596b3",
      "name": "SkillBonus",
      "amount": 1.0,
      "operation": 0,
      "player_multiplier": {
        "type": "skilltree:none"
      },
      "player_condition": {
        "type": "skilltree:none"
      }
    }
  ],
  "connectedSkills": [
    "skilltree:cook_subclass_1_defensive_4"
  ],
  "connectedAsGateways": [],
  "backgroundTexture": "skilltree:textures/icons/background/lesser.png",
  "iconTexture": "skilltree:textures/icons/cook_subclass_1_defensive_1.png",
  "borderTexture": "skilltree:textures/tooltip/lesser.png",
  "titleColor": "",
  "positionX": 131.96848,
  "positionY": -260.5556,
  "buttonSize": 16,
  "isStartingPoint": false
}