{
  "id": "skilltree:enchanter_healing_1",
  "bonuses": [
    {
      "type": "skilltree:attribute",
      "attribute": "skilltree:life_on_block",
      "id": "dac25ca9-8b3f-47ef-917d-0b85b82fa540",
      "name": "SkillBonus",
      "amount": 0.25,
      "operation": 0,
      "player_multiplier": {
        "type": "skilltree:none"
      },
      "player_condition": {
        "type": "skilltree:none"
      }
    }
  ],
  "connectedSkills": [
    "skilltree:enchanter_healing_3"
  ],
  "connectedAsGateways": [],
  "backgroundTexture": "skilltree:textures/icons/background/lesser.png",
  "iconTexture": "skilltree:textures/icons/enchanter_healing_1.png",
  "borderTexture": "skilltree:textures/tooltip/lesser.png",
  "titleColor": "",
  "positionX": 107.41354,
  "positionY": -150.03067,
  "buttonSize": 16,
  "isStartingPoint": false
}