{
  "id": "skilltree:enchanter_offensive_4",
  "bonuses": [
    {
      "type": "skilltree:damage",
      "chance": 0.05,
      "operation": 1,
      "player_multiplier": {
        "type": "skilltree:none"
      },
      "player_condition": {
        "item_condition": {
          "item_condition": {
            "weapon_type": "any",
            "type": "skilltree:weapon"
          },
          "type": "skilltree:enchanted"
        },
        "type": "skilltree:has_item_in_hand"
      },
      "damage_condition": {
        "type": "skilltree:none"
      },
      "target_condition": {
        "type": "skilltree:none"
      }
    }
  ],
  "connectedSkills": [
    "skilltree:enchanter_life_2",
    "skilltree:enchanter_offensive_5"
  ],
  "connectedAsGateways": [],
  "backgroundTexture": "skilltree:textures/icons/background/lesser.png",
  "iconTexture": "skilltree:textures/icons/enchanter_offensive_1.png",
  "borderTexture": "skilltree:textures/tooltip/lesser.png",
  "titleColor": "",
  "positionX": 239.63829,
  "positionY": -75.99579,
  "buttonSize": 16,
  "isStartingPoint": false
}