{
  "id": "skilltree:enchanter_healing_2",
  "bonuses": [
    {
      "type": "skilltree:attribute",
      "attribute": "skilltree:life_on_block",
      "id": "5133baa3-7a55-42a4-b046-164fe5433832",
      "name": "SkillBonus",
      "amount": 0.25,
      "operation": 0,
      "player_multiplier": {
        "type": "skilltree:none"
      },
      "player_condition": {
        "type": "skilltree:none"
      }
    }
  ],
  "connectedSkills": [
    "skilltree:cook_offensive_crafting_3"
  ],
  "connectedAsGateways": [],
  "backgroundTexture": "skilltree:textures/icons/background/lesser.png",
  "iconTexture": "skilltree:textures/icons/enchanter_healing_1.png",
  "borderTexture": "skilltree:textures/tooltip/lesser.png",
  "titleColor": "",
  "positionX": 75.57135,
  "positionY": -168.41748,
  "buttonSize": 16,
  "isStartingPoint": false
}