{
  "id": "skilltree:miner_crit_notable_1",
  "bonuses": [
    {
      "type": "skilltree:crit_damage",
      "chance": 0.1,
      "player_multiplier": {
        "item_condition": {
          "weapon_type": "any",
          "type": "skilltree:weapon"
        },
        "type": "skilltree:gems_amount"
      },
      "player_condition": {
        "type": "skilltree:none"
      },
      "damage_condition": {
        "type": "skilltree:none"
      },
      "target_condition": {
        "type": "skilltree:none"
      }
    }
  ],
  "connectedSkills": [],
  "connectedAsGateways": [],
  "backgroundTexture": "skilltree:textures/icons/background/notable.png",
  "iconTexture": "skilltree:textures/icons/miner_crit_notable_1.png",
  "borderTexture": "skilltree:textures/tooltip/notable.png",
  "titleColor": "",
  "positionX": -257.67392,
  "positionY": 148.76059,
  "buttonSize": 20,
  "isStartingPoint": false
}