{
  "id": "skilltree:miner_crit_2",
  "bonuses": [
    {
      "type": "skilltree:crit_chance",
      "chance": 0.01,
      "player_multiplier": {
        "item_condition": {
          "weapon_type": "any",
          "type": "skilltree:weapon"
        },
        "type": "skilltree:gems_amount"
      },
      "player_condition": {
        "type": "skilltree:none"
      },
      "damage_condition": {
        "type": "skilltree:none"
      },
      "target_condition": {
        "type": "skilltree:none"
      }
    }
  ],
  "connectedSkills": [
    "skilltree:miner_crit_notable_1"
  ],
  "connectedAsGateways": [],
  "backgroundTexture": "skilltree:textures/icons/background/lesser.png",
  "iconTexture": "skilltree:textures/icons/miner_crit_1.png",
  "borderTexture": "skilltree:textures/tooltip/lesser.png",
  "titleColor": "",
  "positionX": -271.67316,
  "positionY": 124.51143,
  "buttonSize": 16,
  "isStartingPoint": false
}