{
  "id": "skilltree:alchemist_offensive_7",
  "bonuses": [
    {
      "type": "skilltree:damage",
      "chance": 0.05,
      "operation": 1,
      "player_multiplier": {
        "type": "skilltree:none"
      },
      "player_condition": {
        "type": "skilltree:none"
      },
      "damage_condition": {
        "type": "skilltree:none"
      },
      "target_condition": {
        "effect": "minecraft:poison",
        "type": "skilltree:has_effect"
      }
    }
  ],
  "connectedSkills": [
    "skilltree:alchemist_offensive_8",
    "skilltree:alchemist_lesser_2"
  ],
  "connectedAsGateways": [],
  "backgroundTexture": "skilltree:textures/icons/background/lesser.png",
  "iconTexture": "skilltree:textures/icons/alchemist_offensive_1.png",
  "borderTexture": "skilltree:textures/tooltip/lesser.png",
  "titleColor": "",
  "positionX": -53.99701,
  "positionY": 323.52728,
  "buttonSize": 16,
  "isStartingPoint": false
}