{
  "id": "skilltree:alchemist_crit_notable_1",
  "bonuses": [
    {
      "type": "skilltree:crit_damage",
      "chance": 0.35,
      "player_multiplier": {
        "type": "skilltree:none"
      },
      "player_condition": {
        "type": "skilltree:none"
      },
      "damage_condition": {
        "type": "skilltree:none"
      },
      "target_condition": {
        "effect": "minecraft:poison",
        "type": "skilltree:has_effect"
      }
    }
  ],
  "connectedSkills": [],
  "connectedAsGateways": [],
  "backgroundTexture": "skilltree:textures/icons/background/notable.png",
  "iconTexture": "skilltree:textures/icons/alchemist_crit_notable_1.png",
  "borderTexture": "skilltree:textures/tooltip/notable.png",
  "titleColor": "",
  "positionX": 0.0029907227,
  "positionY": 297.52728,
  "buttonSize": 20,
  "isStartingPoint": false
}