{
  "id": "skilltree:cook_offensive_crafting_keystone_1",
  "bonuses": [
    {
      "type": "skilltree:crafted_item_bonus",
      "item_condition": {
        "type": "skilltree:food"
      },
      "item_bonus": {
        "effect": "skilltree:crit_damage_bonus",
        "duration": 1200,
        "amplifier": 19,
        "type": "skilltree:food_effect"
      }
    }
  ],
  "connectedSkills": [],
  "connectedAsGateways": [],
  "backgroundTexture": "skilltree:textures/icons/background/keystone.png",
  "iconTexture": "skilltree:textures/icons/cook_offensive_crafting_keystone_1.png",
  "borderTexture": "skilltree:textures/tooltip/keystone.png",
  "titleColor": "",
  "positionX": 92.98723,
  "positionY": -335.04144,
  "buttonSize": 24,
  "isStartingPoint": false
}