{
  "id": "skilltree:enchanter_subclass_2_crafting_3",
  "bonuses": [
    {
      "type": "skilltree:attribute",
      "attribute": "skilltree:exp_per_minute",
      "id": "ac825e01-253a-4bea-837c-49af2527dd8b",
      "name": "SkillBonus",
      "amount": 0.2,
      "operation": 0,
      "player_multiplier": {
        "type": "skilltree:none"
      },
      "player_condition": {
        "type": "skilltree:none"
      }
    }
  ],
  "connectedSkills": [
    "skilltree:enchanter_subclass_2_crafting_4",
    "skilltree:enchanter_subclass_2_crafting_5"
  ],
  "connectedAsGateways": [],
  "backgroundTexture": "skilltree:textures/icons/background/lesser.png",
  "iconTexture": "skilltree:textures/icons/enchanter_subclass_2_crafting_1.png",
  "borderTexture": "skilltree:textures/tooltip/lesser.png",
  "titleColor": "",
  "positionX": 261.4382,
  "positionY": -336.78333,
  "buttonSize": 16,
  "isStartingPoint": false
}