{
  "id": "skilltree:enchanter_subclass_2_crafting_2",
  "bonuses": [
    {
      "type": "skilltree:attribute",
      "attribute": "skilltree:exp_per_minute",
      "id": "6049176f-d0ba-4edf-ac19-084822c55f6e",
      "name": "SkillBonus",
      "amount": 0.2,
      "operation": 0,
      "player_multiplier": {
        "type": "skilltree:none"
      },
      "player_condition": {
        "type": "skilltree:none"
      }
    }
  ],
  "connectedSkills": [
    "skilltree:enchanter_subclass_2_crafting_3",
    "skilltree:enchanter_subclass_2_crafting_5"
  ],
  "connectedAsGateways": [],
  "backgroundTexture": "skilltree:textures/icons/background/lesser.png",
  "iconTexture": "skilltree:textures/icons/enchanter_subclass_2_crafting_1.png",
  "borderTexture": "skilltree:textures/tooltip/lesser.png",
  "titleColor": "",
  "positionX": 238.92113,
  "positionY": -323.78406,
  "buttonSize": 16,
  "isStartingPoint": false
}