{
  "id": "skilltree:enchanter_subclass_1_offensive_notable_1",
  "bonuses": [
    {
      "type": "skilltree:crit_chance",
      "chance": 0.1,
      "player_multiplier": {
        "type": "skilltree:none"
      },
      "player_condition": {
        "type": "skilltree:none"
      },
      "damage_condition": {
        "type": "skilltree:none"
      },
      "target_condition": {
        "type": "skilltree:burning"
      }
    }
  ],
  "connectedSkills": [],
  "connectedAsGateways": [],
  "backgroundTexture": "skilltree:textures/icons/background/notable.png",
  "iconTexture": "skilltree:textures/icons/enchanter_subclass_1_offensive_notable_1.png",
  "borderTexture": "skilltree:textures/tooltip/notable.png",
  "titleColor": "",
  "positionX": 428.90466,
  "positionY": -128.70454,
  "buttonSize": 20,
  "isStartingPoint": false
}