{
  "id": "skilltree:hunter_mastery",
  "bonuses": [
    {
      "type": "skilltree:loot_duplication",
      "chance": 0.15,
      "multiplier": 2.0,
      "loot_type": "mobs"
    }
  ],
  "connectedSkills": [],
  "connectedAsGateways": [],
  "backgroundTexture": "skilltree:textures/icons/background/keystone.png",
  "iconTexture": "skilltree:textures/icons/hunter_mastery.png",
  "borderTexture": "skilltree:textures/tooltip/keystone.png",
  "titleColor": "",
  "positionX": 351.18997,
  "positionY": 202.78607,
  "buttonSize": 24,
  "isStartingPoint": false
}