{
  "id": "skilltree:miner_class",
  "bonuses": [
    {
      "type": "skilltree:attribute",
      "attribute": "irons_spellbooks:max_mana",
      "id": "41c88f39-1083-4bc7-b803-27562283d8b9",
      "name": "Skill",
      "amount": 50.0,
      "operation": 0,
      "player_multiplier": {
        "type": "skilltree:none"
      },
      "player_condition": {
        "type": "skilltree:none"
      }
    }
  ],
  "connectedSkills": [
    "skilltree:miner_defensive_1",
    "skilltree:miner_offensive_1",
    "skilltree:miner_defensive_crafting_1",
    "skilltree:miner_offensive_crafting_1",
    "skilltree:miner_crafting_1"
  ],
  "connectedAsGateways": [],
  "backgroundTexture": "skilltree:textures/icons/background/class.png",
  "iconTexture": "skilltree:textures/icons/enchanter_mastery.png",
  "borderTexture": "skilltree:textures/tooltip/keystone.png",
  "title": "Mage",
  "titleColor": "",
  "positionX": -131.64,
  "positionY": 76.0,
  "buttonSize": 24,
  "isStartingPoint": true
}