{
  "id": "skilltree:alchemist_life_1",
  "bonuses": [
    {
      "type": "skilltree:attribute",
      "attribute": "minecraft:generic.max_health",
      "id": "be9086ce-8f78-4366-a6f6-052c4cfe28d7",
      "name": "SkillBonus",
      "amount": 2.0,
      "operation": 0,
      "player_multiplier": {
        "type": "skilltree:none"
      },
      "player_condition": {
        "min": 1,
        "type": "skilltree:effect_amount"
      }
    }
  ],
  "connectedSkills": [
    "skilltree:alchemist_life_notable_1"
  ],
  "connectedAsGateways": [],
  "backgroundTexture": "skilltree:textures/icons/background/lesser.png",
  "iconTexture": "skilltree:textures/icons/alchemist_life_1.png",
  "borderTexture": "skilltree:textures/tooltip/lesser.png",
  "titleColor": "",
  "positionX": 27.99701,
  "positionY": 245.53247,
  "buttonSize": 16,
  "isStartingPoint": false
}