{
  "id": "skilltree:alchemist_healing_4",
  "bonuses": [
    {
      "type": "skilltree:attribute",
      "attribute": "skilltree:life_per_hit",
      "id": "ed608f8b-db27-47fb-8723-ab7051964490",
      "name": "SkillBonus",
      "amount": 0.25,
      "operation": 0,
      "player_multiplier": {
        "type": "skilltree:none"
      },
      "player_condition": {
        "type": "skilltree:none"
      }
    }
  ],
  "connectedSkills": [
    "skilltree:alchemist_healing_notable_1"
  ],
  "connectedAsGateways": [],
  "backgroundTexture": "skilltree:textures/icons/background/lesser.png",
  "iconTexture": "skilltree:textures/icons/alchemist_healing_1.png",
  "borderTexture": "skilltree:textures/tooltip/lesser.png",
  "titleColor": "",
  "positionX": 69.95977,
  "positionY": 120.404816,
  "buttonSize": 16,
  "isStartingPoint": false
}