{
  "id": "skilltree:alchemist_subclass_1",
  "bonuses": [
    {
      "type": "skilltree:crit_chance",
      "chance": 0.05,
      "player_multiplier": {
        "type": "skilltree:none"
      },
      "player_condition": {
        "type": "skilltree:none"
      },
      "damage_condition": {
        "type": "skilltree:none"
      },
      "target_condition": {
        "type": "skilltree:none"
      }
    },
    {
      "type": "skilltree:crit_damage",
      "chance": 0.15,
      "player_multiplier": {
        "type": "skilltree:none"
      },
      "player_condition": {
        "type": "skilltree:none"
      },
      "damage_condition": {
        "type": "skilltree:none"
      },
      "target_condition": {
        "type": "skilltree:none"
      }
    }
  ],
  "connectedSkills": [
    "skilltree:alchemist_subclass_1_offensive_1",
    "skilltree:alchemist_subclass_1_crafting_1"
  ],
  "connectedAsGateways": [],
  "backgroundTexture": "skilltree:textures/icons/background/class.png",
  "iconTexture": "skilltree:textures/icons/alchemist_subclass_1.png",
  "borderTexture": "skilltree:textures/tooltip/keystone.png",
  "titleColor": "",
  "positionX": -144.95734,
  "positionY": 315.07642,
  "buttonSize": 24,
  "isStartingPoint": false
}