{
  "id": "skilltree:alchemist_subclass_1_offensive_notable_1",
  "bonuses": [
    {
      "type": "skilltree:crit_chance",
      "chance": 0.05,
      "player_multiplier": {
        "type": "skilltree:none"
      },
      "player_condition": {
        "type": "skilltree:none"
      },
      "damage_condition": {
        "type": "skilltree:none"
      },
      "target_condition": {
        "type": "skilltree:none"
      }
    }
  ],
  "connectedSkills": [],
  "connectedAsGateways": [],
  "backgroundTexture": "skilltree:textures/icons/background/notable.png",
  "iconTexture": "skilltree:textures/icons/alchemist_subclass_1_offensive_notable_1.png",
  "borderTexture": "skilltree:textures/tooltip/notable.png",
  "titleColor": "",
  "positionX": -102.97842,
  "positionY": 435.79138,
  "buttonSize": 20,
  "isStartingPoint": false
}