{
  "id": "skilltree:alchemist_subclass_2_mastery",
  "bonuses": [
    {
      "type": "skilltree:incoming_healing",
      "multiplier": 0.25,
      "player_multiplier": {
        "type": "skilltree:none"
      },
      "player_condition": {
        "max": 0.5,
        "type": "skilltree:health_percentage"
      }
    }
  ],
  "connectedSkills": [
    "skilltree:alchemist_subclass_2_life_4"
  ],
  "connectedAsGateways": [],
  "backgroundTexture": "skilltree:textures/icons/background/keystone.png",
  "iconTexture": "skilltree:textures/icons/alchemist_subclass_2_mastery.png",
  "borderTexture": "skilltree:textures/tooltip/keystone.png",
  "titleColor": "",
  "positionX": 144.95734,
  "positionY": 448.51044,
  "buttonSize": 24,
  "isStartingPoint": false
}