{
  "id": "skilltree:alchemist_subclass_2_crafting_5",
  "bonuses": [
    {
      "type": "skilltree:crafted_item_bonus",
      "item_condition": {
        "potion_type": "beneficial",
        "type": "skilltree:potion"
      },
      "item_bonus": {
        "chance": 0.1,
        "type": "skilltree:potion_amplification"
      }
    }
  ],
  "connectedSkills": [
    "skilltree:hunter_subclass_special"
  ],
  "connectedAsGateways": [],
  "backgroundTexture": "skilltree:textures/icons/background/lesser.png",
  "iconTexture": "skilltree:textures/icons/alchemist_subclass_2_crafting_1.png",
  "borderTexture": "skilltree:textures/tooltip/lesser.png",
  "titleColor": "",
  "positionX": 183.47227,
  "positionY": 381.80008,
  "buttonSize": 16,
  "isStartingPoint": false
}