{
  "id": "skilltree:alchemist_subclass_2_crafting_notable_1",
  "bonuses": [
    {
      "type": "skilltree:crafted_item_bonus",
      "item_condition": {
        "potion_type": "beneficial",
        "type": "skilltree:potion"
      },
      "item_bonus": {
        "multiplier": 0.1,
        "type": "skilltree:potion_duration"
      }
    }
  ],
  "connectedSkills": [],
  "connectedAsGateways": [],
  "backgroundTexture": "skilltree:textures/icons/background/notable.png",
  "iconTexture": "skilltree:textures/icons/alchemist_subclass_2_crafting_notable_1.png",
  "borderTexture": "skilltree:textures/tooltip/notable.png",
  "titleColor": "",
  "positionX": 186.93625,
  "positionY": 435.8003,
  "buttonSize": 20,
  "isStartingPoint": false
}