{
  "id": "skilltree:blacksmith_subclass_1_offensive_notable_1",
  "bonuses": [
    {
      "type": "skilltree:damage",
      "chance": 0.2,
      "operation": 1,
      "player_multiplier": {
        "type": "skilltree:none"
      },
      "player_condition": {
        "type": "skilltree:none"
      },
      "damage_condition": {
        "type": "skilltree:melee"
      },
      "target_condition": {
        "type": "skilltree:none"
      }
    },
    {
      "type": "skilltree:crit_damage",
      "chance": 0.1,
      "player_multiplier": {
        "type": "skilltree:none"
      },
      "player_condition": {
        "type": "skilltree:none"
      },
      "damage_condition": {
        "type": "skilltree:melee"
      },
      "target_condition": {
        "type": "skilltree:none"
      }
    }
  ],
  "connectedSkills": [],
  "connectedAsGateways": [],
  "backgroundTexture": "skilltree:textures/icons/background/notable.png",
  "iconTexture": "skilltree:textures/icons/blacksmith_subclass_1_offensive_notable_1.png",
  "borderTexture": "skilltree:textures/tooltip/notable.png",
  "titleColor": "",
  "positionX": -325.9039,
  "positionY": -307.09735,
  "buttonSize": 20,
  "isStartingPoint": false
}