{
  "id": "skilltree:blacksmith_defensive_keystone_1",
  "bonuses": [
    {
      "type": "skilltree:attribute",
      "attribute": "minecraft:generic.armor",
      "id": "46fd8cea-5274-4a7e-8dfc-6d867027ceed",
      "name": "SkillBonus",
      "amount": 0.2,
      "operation": 1,
      "player_multiplier": {
        "type": "skilltree:none"
      },
      "player_condition": {
        "attribute": "minecraft:generic.armor",
        "min": 50.0,
        "type": "skilltree:attribute_value"
      }
    },
    {
      "type": "skilltree:attribute",
      "attribute": "minecraft:generic.armor",
      "id": "8ce4630d-f80e-4d9c-9aea-666a9b5d2ab3",
      "name": "SkillBonus",
      "amount": 0.2,
      "operation": 1,
      "player_multiplier": {
        "type": "skilltree:none"
      },
      "player_condition": {
        "attribute": "minecraft:generic.armor",
        "min": 100.0,
        "type": "skilltree:attribute_value"
      }
    },
    {
      "type": "skilltree:attribute",
      "attribute": "minecraft:generic.movement_speed",
      "id": "ad727973-a174-47bd-be12-33ac5d57a329",
      "name": "Skill",
      "amount": -0.1,
      "operation": 1,
      "player_multiplier": {
        "type": "skilltree:none"
      },
      "player_condition": {
        "attribute": "minecraft:generic.armor",
        "min": 50.0,
        "type": "skilltree:attribute_value"
      }
    },
    {
      "type": "skilltree:attribute",
      "attribute": "minecraft:generic.movement_speed",
      "id": "bba9b15a-442b-4b1a-9577-6a48f5fedb29",
      "name": "Skill",
      "amount": -0.1,
      "operation": 1,
      "player_multiplier": {
        "type": "skilltree:none"
      },
      "player_condition": {
        "attribute": "minecraft:generic.armor",
        "min": 100.0,
        "type": "skilltree:attribute_value"
      }
    }
  ],
  "connectedSkills": [],
  "connectedAsGateways": [],
  "backgroundTexture": "skilltree:textures/icons/background/keystone.png",
  "iconTexture": "skilltree:textures/icons/blacksmith_defensive_keystone_1.png",
  "borderTexture": "skilltree:textures/tooltip/keystone.png",
  "titleColor": "",
  "positionX": -355.67413,
  "positionY": -143.01584,
  "buttonSize": 24,
  "isStartingPoint": false
}