{
  "id": "skilltree:blacksmith_offensive_crafting_4",
  "bonuses": [
    {
      "type": "skilltree:crafted_item_bonus",
      "item_condition": {
        "weapon_type": "melee",
        "type": "skilltree:weapon"
      },
      "item_bonus": {
        "skill_bonus": {
          "attribute": "minecraft:generic.attack_damage",
          "id": "30a28f79-b88e-4b53-b3c7-32e6e02f619f",
          "name": "SkillBonus",
          "amount": 1.0,
          "operation": 0,
          "player_multiplier": {
            "type": "skilltree:none"
          },
          "player_condition": {
            "type": "skilltree:none"
          },
          "type": "skilltree:attribute"
        },
        "type": "skilltree:skill_bonus"
      }
    }
  ],
  "connectedSkills": [
    "skilltree:blacksmith_offensive_notable_1"
  ],
  "connectedAsGateways": [],
  "backgroundTexture": "skilltree:textures/icons/background/lesser.png",
  "iconTexture": "skilltree:textures/icons/blacksmith_offensive_crafting_1.png",
  "borderTexture": "skilltree:textures/tooltip/lesser.png",
  "titleColor": "",
  "positionX": -144.6476,
  "positionY": -158.5588,
  "buttonSize": 16,
  "isStartingPoint": false
}