{
  "id": "skilltree:blacksmith_offensive_crafting_7",
  "bonuses": [
    {
      "type": "skilltree:crafted_item_bonus",
      "item_condition": {
        "weapon_type": "melee",
        "type": "skilltree:weapon"
      },
      "item_bonus": {
        "skill_bonus": {
          "attribute": "minecraft:generic.attack_damage",
          "id": "7d435503-10df-4f65-aee1-2978fd348283",
          "name": "SkillBonus",
          "amount": 1.0,
          "operation": 0,
          "player_multiplier": {
            "type": "skilltree:none"
          },
          "player_condition": {
            "type": "skilltree:none"
          },
          "type": "skilltree:attribute"
        },
        "type": "skilltree:skill_bonus"
      }
    }
  ],
  "connectedSkills": [
    "skilltree:blacksmith_offensive_crafting_keystone_1"
  ],
  "connectedAsGateways": [],
  "backgroundTexture": "skilltree:textures/icons/background/lesser.png",
  "iconTexture": "skilltree:textures/icons/blacksmith_offensive_crafting_1.png",
  "borderTexture": "skilltree:textures/tooltip/lesser.png",
  "titleColor": "",
  "positionX": -217.6777,
  "positionY": -233.06,
  "buttonSize": 16,
  "isStartingPoint": false
}