{
  "id": "skilltree:blacksmith_healing_1",
  "bonuses": [
    {
      "type": "skilltree:attribute",
      "attribute": "skilltree:regeneration",
      "id": "a53a350a-d4ff-420f-99c5-5309cf3153c0",
      "name": "SkillBonus",
      "amount": 0.25,
      "operation": 0,
      "player_multiplier": {
        "type": "skilltree:none"
      },
      "player_condition": {
        "type": "skilltree:none"
      }
    }
  ],
  "connectedSkills": [
    "skilltree:blacksmith_healing_3"
  ],
  "connectedAsGateways": [],
  "backgroundTexture": "skilltree:textures/icons/background/lesser.png",
  "iconTexture": "skilltree:textures/icons/blacksmith_healing_1.png",
  "borderTexture": "skilltree:textures/tooltip/lesser.png",
  "titleColor": "",
  "positionX": -183.631,
  "positionY": -18.008415,
  "buttonSize": 16,
  "isStartingPoint": false
}