{
  "id": "skilltree:blacksmith_speed_notable_1",
  "bonuses": [
    {
      "type": "skilltree:attribute",
      "attribute": "minecraft:generic.attack_speed",
      "id": "30410b09-5a6a-4361-8e12-0cc86c6bb347",
      "name": "SkillBonus",
      "amount": 0.05,
      "operation": 1,
      "player_multiplier": {
        "type": "skilltree:none"
      },
      "player_condition": {
        "item_condition": {
          "armor_type": "shield",
          "type": "skilltree:armor"
        },
        "type": "skilltree:has_item_in_hand"
      }
    }
  ],
  "connectedSkills": [],
  "connectedAsGateways": [],
  "backgroundTexture": "skilltree:textures/icons/background/notable.png",
  "iconTexture": "skilltree:textures/icons/blacksmith_speed_notable_1.png",
  "borderTexture": "skilltree:textures/tooltip/notable.png",
  "titleColor": "",
  "positionX": -235.14684,
  "positionY": -135.77867,
  "buttonSize": 20,
  "isStartingPoint": false
}