{
  "id": "skilltree:blacksmith_defensive_crafting_6",
  "bonuses": [
    {
      "type": "skilltree:crafted_item_bonus",
      "item_condition": {
        "armor_type": "any",
        "type": "skilltree:armor"
      },
      "item_bonus": {
        "skill_bonus": {
          "attribute": "minecraft:generic.armor",
          "id": "3ecdf7ac-5273-43f0-a573-7cfcf7901556",
          "name": "SkillBonus",
          "amount": 1.0,
          "operation": 0,
          "player_multiplier": {
            "type": "skilltree:none"
          },
          "player_condition": {
            "type": "skilltree:none"
          },
          "type": "skilltree:attribute"
        },
        "type": "skilltree:skill_bonus"
      }
    },
    {
      "type": "skilltree:attribute",
      "attribute": "minecraft:generic.movement_speed",
      "id": "904e7530-fb55-4890-80ec-94dee132a38d",
      "name": "Skill",
      "amount": -0.03,
      "operation": 1,
      "player_multiplier": {
        "type": "skilltree:none"
      },
      "player_condition": {
        "type": "skilltree:none"
      }
    }
  ],
  "connectedSkills": [
    "skilltree:blacksmith_defensive_crafting_7"
  ],
  "connectedAsGateways": [],
  "backgroundTexture": "skilltree:textures/icons/background/lesser.png",
  "iconTexture": "skilltree:textures/icons/blacksmith_defensive_crafting_1.png",
  "borderTexture": "skilltree:textures/tooltip/lesser.png",
  "titleColor": "",
  "positionX": -288.14682,
  "positionY": -59.009857,
  "buttonSize": 16,
  "isStartingPoint": false
}