{
  "id": "skilltree:blacksmith_offensive_keystone_1",
  "bonuses": [
    {
      "type": "skilltree:attribute",
      "attribute": "minecraft:generic.max_health",
      "id": "727876d9-6db5-463f-8935-58bccbe64d93",
      "name": "SkillBonus",
      "amount": 0.12,
      "operation": 0,
      "player_multiplier": {
        "attribute": "minecraft:generic.armor",
        "type": "skilltree:attribute_value"
      },
      "player_condition": {
        "type": "skilltree:none"
      }
    }
  ],
  "connectedSkills": [],
  "connectedAsGateways": [],
  "backgroundTexture": "skilltree:textures/icons/background/keystone.png",
  "iconTexture": "skilltree:textures/icons/blacksmith_offensive_keystone_1.png",
  "borderTexture": "skilltree:textures/tooltip/keystone.png",
  "titleColor": "",
  "positionX": -301.6711,
  "positionY": -236.54828,
  "buttonSize": 24,
  "isStartingPoint": false
}