{
  "id": "skilltree:blacksmith_defensive_crafting_3",
  "bonuses": [
    {
      "type": "skilltree:crafted_item_bonus",
      "item_condition": {
        "armor_type": "any",
        "type": "skilltree:armor"
      },
      "item_bonus": {
        "skill_bonus": {
          "attribute": "minecraft:generic.armor",
          "id": "c43ce750-3d46-4530-b1da-eaff08590d80",
          "name": "SkillBonus",
          "amount": 1.0,
          "operation": 0,
          "player_multiplier": {
            "type": "skilltree:none"
          },
          "player_condition": {
            "type": "skilltree:none"
          },
          "type": "skilltree:attribute"
        },
        "type": "skilltree:skill_bonus"
      }
    },
    {
      "type": "skilltree:attribute",
      "attribute": "minecraft:generic.movement_speed",
      "id": "36ee72b5-8553-43ff-82ce-d0f057a336e5",
      "name": "Skill",
      "amount": -0.03,
      "operation": 1,
      "player_multiplier": {
        "type": "skilltree:none"
      },
      "player_condition": {
        "type": "skilltree:none"
      }
    }
  ],
  "connectedSkills": [
    "skilltree:blacksmith_defensive_crafting_4",
    "skilltree:blacksmith_healing_1"
  ],
  "connectedAsGateways": [],
  "backgroundTexture": "skilltree:textures/icons/background/lesser.png",
  "iconTexture": "skilltree:textures/icons/blacksmith_defensive_crafting_1.png",
  "borderTexture": "skilltree:textures/tooltip/lesser.png",
  "titleColor": "",
  "positionX": -183.631,
  "positionY": -46.008415,
  "buttonSize": 16,
  "isStartingPoint": false
}