{
  "id": "skilltree:cook_subclass_1_offensive_1",
  "bonuses": [
    {
      "type": "skilltree:attribute",
      "attribute": "minecraft:generic.attack_speed",
      "id": "41d3930d-6d75-40ff-a805-f6a6a70f2de7",
      "name": "SkillBonus",
      "amount": 0.01,
      "operation": 1,
      "player_multiplier": {
        "type": "skilltree:none"
      },
      "player_condition": {
        "type": "skilltree:none"
      }
    }
  ],
  "connectedSkills": [
    "skilltree:cook_subclass_1_offensive_2"
  ],
  "connectedAsGateways": [],
  "backgroundTexture": "skilltree:textures/icons/background/lesser.png",
  "iconTexture": "skilltree:textures/icons/cook_subclass_1_offensive_1.png",
  "borderTexture": "skilltree:textures/tooltip/lesser.png",
  "titleColor": "",
  "positionX": 128.9708,
  "positionY": -342.78476,
  "buttonSize": 16,
  "isStartingPoint": false
}