{
  "id": "skilltree:cook_offensive_4",
  "bonuses": [
    {
      "type": "skilltree:damage",
      "chance": 0.05,
      "operation": 1,
      "player_multiplier": {
        "type": "skilltree:none"
      },
      "player_condition": {
        "min": 15,
        "type": "skilltree:food_level"
      },
      "damage_condition": {
        "type": "skilltree:none"
      },
      "target_condition": {
        "type": "skilltree:none"
      }
    }
  ],
  "connectedSkills": [
    "skilltree:cook_life_2",
    "skilltree:cook_offensive_5"
  ],
  "connectedAsGateways": [],
  "backgroundTexture": "skilltree:textures/icons/background/lesser.png",
  "iconTexture": "skilltree:textures/icons/cook_offensive_1.png",
  "borderTexture": "skilltree:textures/tooltip/lesser.png",
  "titleColor": "",
  "positionX": 54.00598,
  "positionY": -245.52727,
  "buttonSize": 16,
  "isStartingPoint": false
}