{
  "id": "skilltree:cook_subclass_1_mastery",
  "bonuses": [
    {
      "type": "skilltree:crit_chance",
      "chance": 0.15,
      "player_multiplier": {
        "type": "skilltree:none"
      },
      "player_condition": {
        "max": 0.5,
        "type": "skilltree:health_percentage"
      },
      "damage_condition": {
        "type": "skilltree:none"
      },
      "target_condition": {
        "type": "skilltree:none"
      }
    },
    {
      "type": "skilltree:attribute",
      "attribute": "skilltree:life_per_hit",
      "id": "3dcbe7b8-6bca-482d-ac24-f8d2a1cefb88",
      "name": "SkillBonus",
      "amount": 1.0,
      "operation": 0,
      "player_multiplier": {
        "type": "skilltree:none"
      },
      "player_condition": {
        "max": 0.5,
        "type": "skilltree:health_percentage"
      }
    }
  ],
  "connectedSkills": [
    "skilltree:cook_subclass_1_offensive_4"
  ],
  "connectedAsGateways": [],
  "backgroundTexture": "skilltree:textures/icons/background/keystone.png",
  "iconTexture": "skilltree:textures/icons/cook_subclass_1_mastery.png",
  "borderTexture": "skilltree:textures/tooltip/keystone.png",
  "titleColor": "",
  "positionX": 144.97256,
  "positionY": -448.49655,
  "buttonSize": 24,
  "isStartingPoint": false
}