{
  "id": "skilltree:cook_subclass_2_crafting_notable_1",
  "bonuses": [
    {
      "type": "skilltree:gained_experience",
      "multiplier": 0.5,
      "experience_source": "fishing"
    },
    {
      "type": "skilltree:attribute",
      "attribute": "minecraft:generic.attack_damage",
      "id": "39768ff5-01b2-4dad-b7ec-521d53985be0",
      "name": "Skill",
      "amount": 0.05,
      "operation": 1,
      "player_multiplier": {
        "attribute": "minecraft:generic.luck",
        "type": "skilltree:attribute_value"
      },
      "player_condition": {
        "type": "skilltree:none"
      }
    }
  ],
  "connectedSkills": [],
  "connectedAsGateways": [],
  "backgroundTexture": "skilltree:textures/icons/background/notable.png",
  "iconTexture": "skilltree:textures/icons/cook_subclass_2_crafting_notable_1.png",
  "borderTexture": "skilltree:textures/tooltip/notable.png",
  "titleColor": "",
  "positionX": -186.93625,
  "positionY": -435.8003,
  "buttonSize": 20,
  "isStartingPoint": false
}