{
  "id": "skilltree:cook_class",
  "bonuses": [
    {
      "type": "skilltree:crafted_item_bonus",
      "item_condition": {
        "type": "skilltree:food"
      },
      "item_bonus": {
        "multiplier": 0.2,
        "type": "skilltree:food_saturation"
      }
    }
  ],
  "connectedSkills": [
    "skilltree:cook_defensive_1",
    "skilltree:cook_offensive_1",
    "skilltree:cook_defensive_crafting_1",
    "skilltree:cook_offensive_crafting_1",
    "skilltree:cook_crafting_1"
  ],
  "connectedAsGateways": [],
  "backgroundTexture": "skilltree:textures/icons/background/class.png",
  "iconTexture": "skilltree:textures/icons/cook_class.png",
  "borderTexture": "skilltree:textures/tooltip/keystone.png",
  "titleColor": "",
  "positionX": 1.8614632E-14,
  "positionY": -152.0,
  "buttonSize": 24,
  "isStartingPoint": true
}