{
  "id": "skilltree:cook_defensive_notable_1",
  "bonuses": [
    {
      "type": "skilltree:attribute",
      "attribute": "skilltree:blocking",
      "id": "fc7d8d24-97fa-4278-bb7a-a3c0cdf71117",
      "name": "SkillBonus",
      "amount": 10.0,
      "operation": 0,
      "player_multiplier": {
        "type": "skilltree:none"
      },
      "player_condition": {
        "min": 15,
        "type": "skilltree:food_level"
      }
    }
  ],
  "connectedSkills": [
    "skilltree:cook_defensive_4",
    "skilltree:cook_defensive_crafting_5",
    "skilltree:cook_subclass_2_defensive_1"
  ],
  "connectedAsGateways": [],
  "backgroundTexture": "skilltree:textures/icons/background/notable.png",
  "iconTexture": "skilltree:textures/icons/cook_defensive_notable_1.png",
  "borderTexture": "skilltree:textures/tooltip/notable.png",
  "titleColor": "",
  "positionX": -79.97825,
  "positionY": -230.5333,
  "buttonSize": 20,
  "isStartingPoint": false
}