{
  "id": "skilltree:cook_healing_4",
  "bonuses": [
    {
      "type": "skilltree:attribute",
      "attribute": "skilltree:life_on_block",
      "id": "f28c2499-79e7-4c64-9b15-2a5be66c14e8",
      "name": "SkillBonus",
      "amount": 0.25,
      "operation": 0,
      "player_multiplier": {
        "type": "skilltree:none"
      },
      "player_condition": {
        "type": "skilltree:none"
      }
    }
  ],
  "connectedSkills": [
    "skilltree:cook_healing_notable_1"
  ],
  "connectedAsGateways": [],
  "backgroundTexture": "skilltree:textures/icons/background/lesser.png",
  "iconTexture": "skilltree:textures/icons/cook_healing_1.png",
  "borderTexture": "skilltree:textures/tooltip/lesser.png",
  "titleColor": "",
  "positionX": -69.95977,
  "positionY": -120.404816,
  "buttonSize": 16,
  "isStartingPoint": false
}