{
  "id": "skilltree:cook_lesser_1",
  "bonuses": [
    {
      "type": "skilltree:crafted_item_bonus",
      "item_condition": {
        "type": "skilltree:food"
      },
      "item_bonus": {
        "multiplier": 0.05,
        "type": "skilltree:food_saturation"
      }
    }
  ],
  "connectedSkills": [
    "skilltree:cook_lesser_3"
  ],
  "connectedAsGateways": [],
  "backgroundTexture": "skilltree:textures/icons/background/lesser.png",
  "iconTexture": "skilltree:textures/icons/cook_lesser_1.png",
  "borderTexture": "skilltree:textures/tooltip/lesser.png",
  "titleColor": "",
  "positionX": -27.99701,
  "positionY": -323.53247,
  "buttonSize": 16,
  "isStartingPoint": false
}