{
  "id": "skilltree:cook_defensive_crafting_4",
  "bonuses": [
    {
      "type": "skilltree:crafted_item_bonus",
      "item_condition": {
        "type": "skilltree:food"
      },
      "item_bonus": {
        "amount": 0.25,
        "type": "skilltree:food_healing"
      }
    }
  ],
  "connectedSkills": [
    "skilltree:cook_defensive_notable_1"
  ],
  "connectedAsGateways": [],
  "backgroundTexture": "skilltree:textures/icons/background/lesser.png",
  "iconTexture": "skilltree:textures/icons/cook_defensive_crafting_1.png",
  "borderTexture": "skilltree:textures/tooltip/lesser.png",
  "titleColor": "",
  "positionX": -64.97908,
  "positionY": -204.55205,
  "buttonSize": 16,
  "isStartingPoint": false
}