{
  "id": "skilltree:cook_subclass_1",
  "bonuses": [
    {
      "type": "skilltree:damage",
      "chance": 0.1,
      "operation": 1,
      "player_multiplier": {
        "type": "skilltree:none"
      },
      "player_condition": {
        "max": 0.75,
        "type": "skilltree:health_percentage"
      },
      "damage_condition": {
        "type": "skilltree:none"
      },
      "target_condition": {
        "type": "skilltree:none"
      }
    },
    {
      "type": "skilltree:damage",
      "chance": 0.2,
      "operation": 1,
      "player_multiplier": {
        "type": "skilltree:none"
      },
      "player_condition": {
        "max": 0.5,
        "type": "skilltree:health_percentage"
      },
      "damage_condition": {
        "type": "skilltree:none"
      },
      "target_condition": {
        "type": "skilltree:none"
      }
    }
  ],
  "connectedSkills": [
    "skilltree:cook_subclass_1_offensive_1",
    "skilltree:cook_subclass_1_crafting_1"
  ],
  "connectedAsGateways": [],
  "backgroundTexture": "skilltree:textures/icons/background/class.png",
  "iconTexture": "skilltree:textures/icons/cook_subclass_1.png",
  "borderTexture": "skilltree:textures/tooltip/keystone.png",
  "titleColor": "",
  "positionX": 144.96991,
  "positionY": -315.07144,
  "buttonSize": 24,
  "isStartingPoint": false
}