{
  "id": "skilltree:cook_subclass_1_crafting_1",
  "bonuses": [
    {
      "type": "skilltree:attribute",
      "attribute": "attributeslib:crit_chance",
      "id": "df98c0a4-3efe-4429-bcbe-db64de7a7b0f",
      "name": "Skill",
      "amount": 0.01,
      "operation": 1,
      "player_multiplier": {
        "type": "skilltree:none"
      },
      "player_condition": {
        "item_condition": {
          "weapon_type": "axe",
          "type": "skilltree:weapon"
        },
        "type": "skilltree:has_item_in_hand"
      }
    }
  ],
  "connectedSkills": [
    "skilltree:cook_subclass_1_crafting_2"
  ],
  "connectedAsGateways": [],
  "backgroundTexture": "skilltree:textures/icons/background/lesser.png",
  "iconTexture": "skilltree:textures/icons/cook_subclass_1_crafting_1.png",
  "borderTexture": "skilltree:textures/tooltip/lesser.png",
  "titleColor": "",
  "positionX": 160.97168,
  "positionY": -342.78323,
  "buttonSize": 16,
  "isStartingPoint": false
}