{
  "id": "skilltree:enchanter_subclass_2_life_1",
  "bonuses": [
    {
      "type": "skilltree:attribute",
      "attribute": "minecraft:generic.max_health",
      "id": "2a3fa2fe-3eec-4e8f-8935-414aada32c4e",
      "name": "SkillBonus",
      "amount": 2.0,
      "operation": 0,
      "player_multiplier": {
        "type": "skilltree:none"
      },
      "player_condition": {
        "type": "skilltree:none"
      }
    }
  ],
  "connectedSkills": [
    "skilltree:enchanter_subclass_2_life_2"
  ],
  "connectedAsGateways": [],
  "backgroundTexture": "skilltree:textures/icons/background/lesser.png",
  "iconTexture": "ftblibrary:textures/icons/compass.png",
  "borderTexture": "skilltree:textures/tooltip/lesser.png",
  "titleColor": "",
  "positionX": 232.40228,
  "positionY": -283.073,
  "buttonSize": 16,
  "isStartingPoint": false
}