{
  "id": "skilltree:enchanter_healing_notable_1",
  "bonuses": [
    {
      "type": "skilltree:attribute",
      "attribute": "minecraft:generic.attack_damage",
      "id": "21950b6b-41be-45b5-bb18-e5c097e5cc67",
      "name": "SkillBonus",
      "amount": 0.15,
      "operation": 1,
      "player_multiplier": {
        "type": "skilltree:none"
      },
      "player_condition": {
        "item_condition": {
          "weapon_type": "any",
          "type": "skilltree:weapon"
        },
        "type": "skilltree:dual_wielding"
      }
    }
  ],
  "connectedSkills": [],
  "connectedAsGateways": [],
  "backgroundTexture": "skilltree:textures/icons/background/notable.png",
  "iconTexture": "skilltree:textures/icons/enchanter_healing_notable_1.png",
  "borderTexture": "skilltree:textures/tooltip/notable.png",
  "titleColor": "",
  "positionX": 54.295937,
  "positionY": -94.80734,
  "buttonSize": 20,
  "isStartingPoint": false
}