{
  "id": "skilltree:enchanter_subclass_1",
  "bonuses": [
    {
      "type": "skilltree:damage",
      "chance": 0.15,
      "operation": 1,
      "player_multiplier": {
        "type": "skilltree:none"
      },
      "player_condition": {
        "type": "skilltree:none"
      },
      "damage_condition": {
        "type": "skilltree:none"
      },
      "target_condition": {
        "type": "skilltree:burning"
      }
    },
    {
      "type": "skilltree:ignite_chance",
      "chance": 0.15,
      "duration": 5,
      "player_multiplier": {
        "type": "skilltree:none"
      },
      "player_condition": {
        "type": "skilltree:none"
      },
      "target_condition": {
        "type": "skilltree:none"
      }
    }
  ],
  "connectedSkills": [
    "skilltree:enchanter_subclass_1_offensive_1",
    "skilltree:enchanter_subclass_1_crafting_1"
  ],
  "connectedAsGateways": [],
  "backgroundTexture": "skilltree:textures/icons/background/class.png",
  "iconTexture": "skilltree:textures/icons/enchanter_subclass_1.png",
  "borderTexture": "skilltree:textures/tooltip/keystone.png",
  "titleColor": "",
  "positionX": 345.35162,
  "positionY": -31.994904,
  "buttonSize": 24,
  "isStartingPoint": false
}