{
  "id": "skilltree:enchanter_subclass_2_mastery",
  "bonuses": [
    {
      "type": "skilltree:attribute",
      "attribute": "forge:block_reach",
      "id": "4e36793c-e005-4db7-b43f-b663c6cc549f",
      "name": "SkillBonus",
      "amount": 2.0,
      "operation": 0,
      "player_multiplier": {
        "type": "skilltree:none"
      },
      "player_condition": {
        "type": "skilltree:none"
      }
    },
    {
      "type": "skilltree:attribute",
      "attribute": "minecraft:generic.luck",
      "id": "9517fbcb-8ba6-428b-8928-a91e74a05693",
      "name": "Skill",
      "amount": 1.0,
      "operation": 0,
      "player_multiplier": {
        "type": "skilltree:none"
      },
      "player_condition": {
        "type": "skilltree:none"
      }
    }
  ],
  "connectedSkills": [
    "skilltree:enchanter_subclass_2_life_4"
  ],
  "connectedAsGateways": [],
  "backgroundTexture": "skilltree:textures/icons/background/keystone.png",
  "iconTexture": "skilltree:textures/icons/enchanter_subclass_2_mastery.png",
  "borderTexture": "skilltree:textures/tooltip/keystone.png",
  "titleColor": "",
  "positionX": 315.95526,
  "positionY": -349.7826,
  "buttonSize": 24,
  "isStartingPoint": false
}