{
  "id": "skilltree:enchanter_subclass_2_crafting_4",
  "bonuses": [
    {
      "type": "skilltree:attribute",
      "attribute": "attributeslib:mining_speed",
      "id": "00e93bb4-7ea5-4e89-8b84-71fe9139b231",
      "name": "SkillBonus",
      "amount": 0.1,
      "operation": 1,
      "player_multiplier": {
        "type": "skilltree:none"
      },
      "player_condition": {
        "type": "skilltree:none"
      }
    }
  ],
  "connectedSkills": [
    "skilltree:enchanter_subclass_2_mastery",
    "skilltree:enchanter_subclass_2_crafting_notable_1"
  ],
  "connectedAsGateways": [],
  "backgroundTexture": "skilltree:textures/icons/background/lesser.png",
  "iconTexture": "skilltree:textures/icons/miner_lesser_1.png",
  "borderTexture": "skilltree:textures/tooltip/lesser.png",
  "titleColor": "",
  "positionX": 283.95526,
  "positionY": -349.7826,
  "buttonSize": 16,
  "isStartingPoint": false
}