{
  "id": "skilltree:enchanter_subclass_2_crafting_notable_1",
  "bonuses": [
    {
      "type": "skilltree:gained_experience",
      "multiplier": 2.0,
      "experience_source": "ore"
    }
  ],
  "connectedSkills": [],
  "connectedAsGateways": [],
  "backgroundTexture": "skilltree:textures/icons/background/notable.png",
  "iconTexture": "skilltree:textures/icons/enchanter_subclass_2_crafting_notable_1.png",
  "borderTexture": "skilltree:textures/tooltip/notable.png",
  "titleColor": "",
  "positionX": 283.95526,
  "positionY": -379.7826,
  "buttonSize": 20,
  "isStartingPoint": false
}