{
  "id": "skilltree:enchanter_subclass_2_defensive_3",
  "bonuses": [
    {
      "type": "skilltree:attribute",
      "attribute": "attributeslib:mining_speed",
      "id": "f4e41f2d-1209-4746-a567-c6c379b4dc1b",
      "name": "SkillBonus",
      "amount": 0.1,
      "operation": 1,
      "player_multiplier": {
        "type": "skilltree:none"
      },
      "player_condition": {
        "type": "skilltree:none"
      }
    }
  ],
  "connectedSkills": [
    "skilltree:enchanter_subclass_2_defensive_4"
  ],
  "connectedAsGateways": [],
  "backgroundTexture": "skilltree:textures/icons/background/lesser.png",
  "iconTexture": "skilltree:textures/icons/miner_lesser_1.png",
  "borderTexture": "skilltree:textures/tooltip/lesser.png",
  "titleColor": "",
  "positionX": 159.68753,
  "positionY": -244.55804,
  "buttonSize": 16,
  "isStartingPoint": false
}