{
  "id": "skilltree:enchanter_healing_1",
  "bonuses": [
    {
      "type": "skilltree:attribute",
      "attribute": "skilltree:life_per_hit",
      "id": "a4d0de1c-1bc8-498b-80a9-c65d514ae017",
      "name": "SkillBonus",
      "amount": 0.25,
      "operation": 0,
      "player_multiplier": {
        "type": "skilltree:none"
      },
      "player_condition": {
        "type": "skilltree:none"
      }
    }
  ],
  "connectedSkills": [
    "skilltree:enchanter_healing_3"
  ],
  "connectedAsGateways": [],
  "backgroundTexture": "skilltree:textures/icons/background/lesser.png",
  "iconTexture": "skilltree:textures/icons/enchanter_healing_1.png",
  "borderTexture": "skilltree:textures/tooltip/lesser.png",
  "titleColor": "",
  "positionX": 107.41354,
  "positionY": -150.03067,
  "buttonSize": 16,
  "isStartingPoint": false
}