{
  "id": "skilltree:enchanter_offensive_crafting_keystone_1",
  "bonuses": [
    {
      "type": "skilltree:enchantment_amplification",
      "enchantment_condition": {
        "type": "skilltree:weapon"
      },
      "chance": 0.4
    }
  ],
  "connectedSkills": [],
  "connectedAsGateways": [],
  "backgroundTexture": "skilltree:textures/icons/background/keystone.png",
  "iconTexture": "skilltree:textures/icons/enchanter_offensive_crafting_keystone_1.png",
  "borderTexture": "skilltree:textures/tooltip/keystone.png",
  "titleColor": "",
  "positionX": 336.65372,
  "positionY": -86.993515,
  "buttonSize": 24,
  "isStartingPoint": false
}