{
  "id": "skilltree:enchanter_defensive_crafting_7",
  "bonuses": [
    {
      "type": "skilltree:enchantment_amplification",
      "enchantment_condition": {
        "type": "skilltree:armor"
      },
      "chance": 0.1
    }
  ],
  "connectedSkills": [
    "skilltree:enchanter_defensive_crafting_keystone_1"
  ],
  "connectedAsGateways": [],
  "backgroundTexture": "skilltree:textures/icons/background/lesser.png",
  "iconTexture": "skilltree:textures/icons/enchanter_defensive_crafting_1.png",
  "borderTexture": "skilltree:textures/tooltip/lesser.png",
  "titleColor": "",
  "positionX": 217.70004,
  "positionY": -233.03912,
  "buttonSize": 16,
  "isStartingPoint": false
}