{
  "id": "skilltree:enchanter_defensive_crafting_keystone_1",
  "bonuses": [
    {
      "type": "skilltree:enchantment_amplification",
      "enchantment_condition": {
        "type": "skilltree:armor"
      },
      "chance": 0.4
    }
  ],
  "connectedSkills": [],
  "connectedAsGateways": [],
  "backgroundTexture": "skilltree:textures/icons/background/keystone.png",
  "iconTexture": "skilltree:textures/icons/enchanter_defensive_crafting_keystone_1.png",
  "borderTexture": "skilltree:textures/tooltip/keystone.png",
  "titleColor": "",
  "positionX": 243.68129,
  "positionY": -248.0383,
  "buttonSize": 24,
  "isStartingPoint": false
}