{
  "id": "skilltree:hunter_offensive_keystone_1",
  "bonuses": [
    {
      "type": "skilltree:damage",
      "chance": 0.03,
      "operation": 1,
      "player_multiplier": {
        "type": "skilltree:distance_to_target"
      },
      "player_condition": {
        "type": "skilltree:none"
      },
      "damage_condition": {
        "type": "skilltree:none"
      },
      "target_condition": {
        "type": "skilltree:none"
      }
    }
  ],
  "connectedSkills": [],
  "connectedAsGateways": [],
  "backgroundTexture": "skilltree:textures/icons/background/keystone.png",
  "iconTexture": "skilltree:textures/icons/hunter_offensive_keystone_1.png",
  "borderTexture": "skilltree:textures/tooltip/keystone.png",
  "titleColor": "",
  "positionX": 301.6711,
  "positionY": 236.54828,
  "buttonSize": 24,
  "isStartingPoint": false
}