{
  "id": "skilltree:hunter_offensive_crafting_3",
  "bonuses": [
    {
      "type": "skilltree:attribute",
      "attribute": "minecraft:generic.attack_speed",
      "id": "b8a96cf0-f597-472e-beee-b795f7a805a1",
      "name": "Skill",
      "amount": 0.04,
      "operation": 1,
      "player_multiplier": {
        "type": "skilltree:none"
      },
      "player_condition": {
        "item_condition": {
          "weapon_type": "ranged",
          "type": "skilltree:weapon"
        },
        "type": "skilltree:has_item_in_hand"
      }
    }
  ],
  "connectedSkills": [
    "skilltree:hunter_offensive_crafting_4"
  ],
  "connectedAsGateways": [],
  "backgroundTexture": "skilltree:textures/icons/background/lesser.png",
  "iconTexture": "skilltree:textures/icons/hunter_offensive_crafting_1.png",
  "borderTexture": "skilltree:textures/tooltip/lesser.png",
  "titleColor": "",
  "positionX": 131.64975,
  "positionY": 136.04173,
  "buttonSize": 16,
  "isStartingPoint": false
}