{
  "id": "skilltree:hunter_lesser_5",
  "bonuses": [
    {
      "type": "skilltree:loot_duplication",
      "chance": 0.05,
      "multiplier": 1.0,
      "loot_type": "mobs"
    }
  ],
  "connectedSkills": [
    "skilltree:hunter_lesser_3",
    "skilltree:hunter_lesser_6"
  ],
  "connectedAsGateways": [],
  "backgroundTexture": "skilltree:textures/icons/background/lesser.png",
  "iconTexture": "skilltree:textures/icons/hunter_lesser_1.png",
  "borderTexture": "skilltree:textures/tooltip/lesser.png",
  "titleColor": "",
  "positionX": 302.69434,
  "positionY": 174.78297,
  "buttonSize": 16,
  "isStartingPoint": false
}