{
  "id": "skilltree:hunter_offensive_5",
  "bonuses": [
    {
      "type": "skilltree:damage",
      "chance": 0.1,
      "operation": 1,
      "player_multiplier": {
        "type": "skilltree:none"
      },
      "player_condition": {
        "type": "skilltree:none"
      },
      "damage_condition": {
        "type": "skilltree:projectile"
      },
      "target_condition": {
        "type": "skilltree:none"
      }
    }
  ],
  "connectedSkills": [
    "skilltree:hunter_offensive_6",
    "skilltree:hunter_speed_2"
  ],
  "connectedAsGateways": [],
  "backgroundTexture": "skilltree:textures/icons/background/lesser.png",
  "iconTexture": "skilltree:textures/icons/hunter_offensive_1.png",
  "borderTexture": "skilltree:textures/tooltip/lesser.png",
  "titleColor": "",
  "positionX": 208.14384,
  "positionY": 182.54231,
  "buttonSize": 16,
  "isStartingPoint": false
}