{
  "id": "skilltree:hunter_subclass_2_defensive_1",
  "bonuses": [
    {
      "type": "skilltree:attribute",
      "attribute": "skilltree:evasion",
      "id": "449e593b-e419-42b5-8be9-cf431f06aad6",
      "name": "SkillBonus",
      "amount": 0.5,
      "operation": 0,
      "player_multiplier": {
        "type": "skilltree:none"
      },
      "player_condition": {
        "type": "skilltree:none"
      }
    },
    {
      "type": "skilltree:attribute",
      "attribute": "skilltree:blocking",
      "id": "74912440-d676-42a8-bd38-98b5a2163229",
      "name": "SkillBonus",
      "amount": 0.5,
      "operation": 0,
      "player_multiplier": {
        "type": "skilltree:none"
      },
      "player_condition": {
        "type": "skilltree:none"
      }
    }
  ],
  "connectedSkills": [
    "skilltree:hunter_subclass_2_defensive_2",
    "skilltree:hunter_gateway",
    "skilltree:enchanter_subclass_1_defensive_1"
  ],
  "connectedAsGateways": [],
  "backgroundTexture": "skilltree:textures/icons/background/lesser.png",
  "iconTexture": "skilltree:textures/icons/hunter_subclass_2_defensive_1.png",
  "borderTexture": "skilltree:textures/tooltip/lesser.png",
  "titleColor": "",
  "positionX": 239.631,
  "positionY": 16.008415,
  "buttonSize": 16,
  "isStartingPoint": false
}