{
  "id": "skilltree:hunter_offensive_crafting_6",
  "bonuses": [
    {
      "type": "skilltree:attribute",
      "attribute": "minecraft:generic.attack_speed",
      "id": "0dea5f90-e365-488e-90fa-82e80a88b564",
      "name": "Skill",
      "amount": 0.04,
      "operation": 1,
      "player_multiplier": {
        "type": "skilltree:none"
      },
      "player_condition": {
        "item_condition": {
          "weapon_type": "ranged",
          "type": "skilltree:weapon"
        },
        "type": "skilltree:has_item_in_hand"
      }
    }
  ],
  "connectedSkills": [
    "skilltree:hunter_offensive_crafting_7"
  ],
  "connectedAsGateways": [],
  "backgroundTexture": "skilltree:textures/icons/background/lesser.png",
  "iconTexture": "skilltree:textures/icons/hunter_offensive_crafting_1.png",
  "borderTexture": "skilltree:textures/tooltip/lesser.png",
  "titleColor": "",
  "positionX": 195.16331,
  "positionY": 220.05856,
  "buttonSize": 16,
  "isStartingPoint": false
}