{
  "id": "skilltree:hunter_offensive_crafting_keystone_1",
  "bonuses": [
    {
      "type": "skilltree:player_sockets",
      "item_condition": {
        "weapon_type": "bow",
        "type": "skilltree:weapon"
      },
      "sockets": 1
    }
  ],
  "connectedSkills": [],
  "connectedAsGateways": [],
  "backgroundTexture": "skilltree:textures/icons/background/keystone.png",
  "iconTexture": "skilltree:textures/icons/hunter_offensive_crafting_keystone_1.png",
  "borderTexture": "skilltree:textures/tooltip/keystone.png",
  "titleColor": "",
  "positionX": 243.65894,
  "positionY": 248.06166,
  "buttonSize": 24,
  "isStartingPoint": false
}