{
  "id": "skilltree:hunter_lesser_6",
  "bonuses": [
    {
      "type": "skilltree:loot_duplication",
      "chance": 0.05,
      "multiplier": 1.0,
      "loot_type": "mobs"
    }
  ],
  "connectedSkills": [
    "skilltree:hunter_mastery"
  ],
  "connectedAsGateways": [],
  "backgroundTexture": "skilltree:textures/icons/background/lesser.png",
  "iconTexture": "skilltree:textures/icons/hunter_lesser_1.png",
  "borderTexture": "skilltree:textures/tooltip/lesser.png",
  "titleColor": "",
  "positionX": 325.21017,
  "positionY": 187.78441,
  "buttonSize": 16,
  "isStartingPoint": false
}