{
  "id": "skilltree:hunter_subclass_2_crafting_notable_1",
  "bonuses": [
    {
      "type": "skilltree:crafted_item_bonus",
      "item_condition": {
        "slot": "quiver",
        "type": "skilltree:curio"
      },
      "item_bonus": {
        "skill_bonus": {
          "chance": 0.1,
          "type": "skilltree:arrow_retrieval"
        },
        "type": "skilltree:skill_bonus"
      }
    }
  ],
  "connectedSkills": [],
  "connectedAsGateways": [],
  "backgroundTexture": "skilltree:textures/icons/background/notable.png",
  "iconTexture": "skilltree:textures/icons/hunter_subclass_2_crafting_notable_1.png",
  "borderTexture": "skilltree:textures/tooltip/notable.png",
  "titleColor": "",
  "positionX": 470.87152,
  "positionY": 56.015343,
  "buttonSize": 20,
  "isStartingPoint": false
}