{
  "id": "skilltree:hunter_defensive_crafting_2",
  "bonuses": [
    {
      "type": "skilltree:crafted_item_bonus",
      "item_condition": {
        "armor_type": "any",
        "type": "skilltree:armor"
      },
      "item_bonus": {
        "skill_bonus": {
          "attribute": "skilltree:evasion",
          "id": "9af0b3e3-27fa-4f39-8821-cd84ec3640c4",
          "name": "SkillBonus",
          "amount": 0.5,
          "operation": 0,
          "player_multiplier": {
            "type": "skilltree:none"
          },
          "player_condition": {
            "type": "skilltree:none"
          },
          "type": "skilltree:attribute"
        },
        "type": "skilltree:skill_bonus"
      }
    },
    {
      "type": "skilltree:attribute",
      "attribute": "epicfight:stamina_regen",
      "id": "2189b098-a408-4c27-aba5-7bb66845f3fb",
      "name": "Skill",
      "amount": 0.05,
      "operation": 1,
      "player_multiplier": {
        "type": "skilltree:none"
      },
      "player_condition": {
        "type": "skilltree:none"
      }
    }
  ],
  "connectedSkills": [
    "skilltree:hunter_defensive_crafting_3"
  ],
  "connectedAsGateways": [],
  "backgroundTexture": "skilltree:textures/icons/background/lesser.png",
  "iconTexture": "skilltree:textures/icons/hunter_defensive_crafting_1.png",
  "borderTexture": "skilltree:textures/tooltip/lesser.png",
  "titleColor": "",
  "positionX": 157.631,
  "positionY": 46.008415,
  "buttonSize": 16,
  "isStartingPoint": false
}