{
  "id": "skilltree:hunter_subclass_2",
  "bonuses": [
    {
      "type": "skilltree:crafted_item_bonus",
      "item_condition": {
        "slot": "quiver",
        "type": "skilltree:curio"
      },
      "item_bonus": {
        "skill_bonus": {
          "chance": 0.05,
          "type": "skilltree:arrow_retrieval"
        },
        "type": "skilltree:skill_bonus"
      }
    }
  ],
  "connectedSkills": [
    "skilltree:hunter_subclass_2_crafting_1",
    "skilltree:hunter_subclass_2_life_1"
  ],
  "connectedAsGateways": [],
  "backgroundTexture": "skilltree:textures/icons/background/class.png",
  "iconTexture": "skilltree:textures/icons/hunter_subclass_2.png",
  "borderTexture": "skilltree:textures/tooltip/keystone.png",
  "titleColor": "",
  "positionX": 345.34277,
  "positionY": 32.010185,
  "buttonSize": 24,
  "isStartingPoint": false
}