{
  "id": "skilltree:hunter_defensive_crafting_keystone_1",
  "bonuses": [
    {
      "type": "skilltree:player_sockets",
      "item_condition": {
        "armor_type": "boots",
        "type": "skilltree:armor"
      },
      "sockets": 1
    }
  ],
  "connectedSkills": [],
  "connectedAsGateways": [],
  "backgroundTexture": "skilltree:textures/icons/background/keystone.png",
  "iconTexture": "skilltree:textures/icons/hunter_subclass_1.png",
  "borderTexture": "skilltree:textures/tooltip/keystone.png",
  "titleColor": "",
  "positionX": 336.64246,
  "positionY": 87.01296,
  "buttonSize": 24,
  "isStartingPoint": false
}