{
  "id": "skilltree:hunter_crafting_notable_1",
  "bonuses": [
    {
      "type": "skilltree:arrow_retrieval",
      "chance": 0.2
    }
  ],
  "connectedSkills": [],
  "connectedAsGateways": [],
  "backgroundTexture": "skilltree:textures/icons/background/notable.png",
  "iconTexture": "skilltree:textures/icons/hunter_crafting_notable_1.png",
  "borderTexture": "skilltree:textures/tooltip/notable.png",
  "titleColor": "",
  "positionX": 32.041756,
  "positionY": 18.502047,
  "buttonSize": 20,
  "isStartingPoint": false
}