{
  "id": "skilltree:hunter_crafting_3",
  "bonuses": [
    {
      "type": "skilltree:arrow_retrieval",
      "chance": 0.05
    }
  ],
  "connectedSkills": [
    "skilltree:hunter_crafting_notable_1"
  ],
  "connectedAsGateways": [],
  "backgroundTexture": "skilltree:textures/icons/background/lesser.png",
  "iconTexture": "skilltree:textures/icons/hunter_crafting_1.png",
  "borderTexture": "skilltree:textures/tooltip/lesser.png",
  "titleColor": "",
  "positionX": 58.02156,
  "positionY": 33.503708,
  "buttonSize": 16,
  "isStartingPoint": false
}