{
  "id": "skilltree:hunter_defensive_crafting_4",
  "bonuses": [
    {
      "type": "skilltree:crafted_item_bonus",
      "item_condition": {
        "armor_type": "any",
        "type": "skilltree:armor"
      },
      "item_bonus": {
        "skill_bonus": {
          "attribute": "skilltree:evasion",
          "id": "816af1ec-1fd9-4630-8c52-189f4b037a85",
          "name": "SkillBonus",
          "amount": 0.5,
          "operation": 0,
          "player_multiplier": {
            "type": "skilltree:none"
          },
          "player_condition": {
            "type": "skilltree:none"
          },
          "type": "skilltree:attribute"
        },
        "type": "skilltree:skill_bonus"
      }
    },
    {
      "type": "skilltree:attribute",
      "attribute": "epicfight:stamina_regen",
      "id": "58a0d0d3-48b3-4b11-b5d7-c6f8d0e6cbf7",
      "name": "Skill",
      "amount": 0.05,
      "operation": 1,
      "player_multiplier": {
        "type": "skilltree:none"
      },
      "player_condition": {
        "type": "skilltree:none"
      }
    }
  ],
  "connectedSkills": [
    "skilltree:hunter_defensive_notable_1"
  ],
  "connectedAsGateways": [],
  "backgroundTexture": "skilltree:textures/icons/background/lesser.png",
  "iconTexture": "skilltree:textures/icons/hunter_defensive_crafting_1.png",
  "borderTexture": "skilltree:textures/tooltip/lesser.png",
  "titleColor": "",
  "positionX": 209.631,
  "positionY": 46.008415,
  "buttonSize": 16,
  "isStartingPoint": false
}