{
  "id": "skilltree:hunter_subclass_2_crafting_4",
  "bonuses": [
    {
      "type": "skilltree:crafted_item_bonus",
      "item_condition": {
        "slot": "quiver",
        "type": "skilltree:curio"
      },
      "item_bonus": {
        "chance": 15.0,
        "operation": 0,
        "type": "skilltree:quiver_capacity"
      }
    }
  ],
  "connectedSkills": [
    "skilltree:hunter_subclass_2_mastery",
    "skilltree:hunter_subclass_2_crafting_notable_1"
  ],
  "connectedAsGateways": [],
  "backgroundTexture": "skilltree:textures/icons/background/lesser.png",
  "iconTexture": "skilltree:textures/icons/hunter_subclass_2_crafting_1.png",
  "borderTexture": "skilltree:textures/tooltip/lesser.png",
  "titleColor": "",
  "positionX": 444.8903,
  "positionY": 71.01451,
  "buttonSize": 16,
  "isStartingPoint": false
}