{
  "id": "skilltree:miner_class",
  "bonuses": [
    {
      "type": "skilltree:attribute",
      "attribute": "irons_spellbooks:max_mana",
      "id": "abc8f341-597d-4e1f-8b63-5a95ba864196",
      "name": "Skill",
      "amount": 50.0,
      "operation": 0,
      "player_multiplier": {
        "type": "skilltree:none"
      },
      "player_condition": {
        "type": "skilltree:none"
      }
    },
    {
      "type": "skilltree:damage",
      "chance": -0.25,
      "operation": 2,
      "player_multiplier": {
        "type": "skilltree:none"
      },
      "player_condition": {
        "item_condition": {
          "weapon_type": "any",
          "type": "skilltree:weapon"
        },
        "type": "skilltree:has_item_in_hand"
      },
      "damage_condition": {
        "type": "skilltree:none"
      },
      "target_condition": {
        "type": "skilltree:none"
      }
    },
    {
      "type": "skilltree:attribute",
      "attribute": "irons_spellbooks:mana_regen",
      "id": "52d409dd-6cbe-4cae-a332-fa360a1aa23f",
      "name": "Skill",
      "amount": -0.9,
      "operation": 2,
      "player_multiplier": {
        "type": "skilltree:none"
      },
      "player_condition": {
        "type": "skilltree:none"
      }
    }
  ],
  "connectedSkills": [
    "skilltree:miner_defensive_1",
    "skilltree:miner_offensive_1",
    "skilltree:miner_defensive_crafting_1",
    "skilltree:miner_offensive_crafting_1",
    "skilltree:miner_crafting_1"
  ],
  "connectedAsGateways": [],
  "backgroundTexture": "skilltree:textures/icons/background/class.png",
  "iconTexture": "skilltree:textures/icons/enchanter_mastery.png",
  "borderTexture": "skilltree:textures/tooltip/keystone.png",
  "title": "Mage",
  "titleColor": "",
  "positionX": -131.64,
  "positionY": 76.0,
  "buttonSize": 24,
  "isStartingPoint": true
}