{
  "id": "skilltree:miner_crafting_2",
  "bonuses": [
    {
      "type": "skilltree:attribute",
      "attribute": "irons_spellbooks:max_mana",
      "id": "46253ed8-5df5-4a3e-afdf-24115cacce87",
      "name": "Skill",
      "amount": 15.0,
      "operation": 0,
      "player_multiplier": {
        "type": "skilltree:none"
      },
      "player_condition": {
        "type": "skilltree:none"
      }
    }
  ],
  "connectedSkills": [
    "skilltree:miner_crafting_3"
  ],
  "connectedAsGateways": [],
  "backgroundTexture": "skilltree:textures/icons/background/lesser.png",
  "iconTexture": "skilltree:textures/icons/miner_crafting_1.png",
  "borderTexture": "skilltree:textures/tooltip/lesser.png",
  "title": "Additional Mana",
  "titleColor": "",
  "positionX": -81.41,
  "positionY": 47.0,
  "buttonSize": 16,
  "isStartingPoint": false
}