{
  "id": "skilltree:miner_crafting_1",
  "bonuses": [
    {
      "type": "skilltree:attribute",
      "attribute": "irons_spellbooks:max_mana",
      "id": "07b09912-eb72-464e-8cea-f5b08380b1d1",
      "name": "Skill",
      "amount": 15.0,
      "operation": 0,
      "player_multiplier": {
        "type": "skilltree:none"
      },
      "player_condition": {
        "type": "skilltree:none"
      }
    }
  ],
  "connectedSkills": [
    "skilltree:miner_crafting_2"
  ],
  "connectedAsGateways": [],
  "backgroundTexture": "skilltree:textures/icons/background/lesser.png",
  "iconTexture": "skilltree:textures/icons/miner_crafting_1.png",
  "borderTexture": "skilltree:textures/tooltip/lesser.png",
  "title": "Additional Mana",
  "titleColor": "",
  "positionX": -104.79,
  "positionY": 60.5,
  "buttonSize": 16,
  "isStartingPoint": false
}