{
  "type": "create:sequenced_assembly",
  "ingredient": {
    "item": "create_netherless:coal_rod"
  },
  "transitionalItem": {
    "item": "create_netherless:incomplete_blaze_rod"
  },
  "sequence": [
    {
      "type": "create:filling",
      "ingredients": [
        {
          "item": "create_netherless:incomplete_blaze_rod"
        },
        {
          "fluid": "minecraft:lava",
          "nbt": {},
          "amount": 250
        }
      ],
      "results": [
        {
          "item": "create_netherless:incomplete_blaze_rod"
        }
      ]
    },
    {
      "type": "create:filling",
      "ingredients": [
        {
          "item": "create_netherless:incomplete_blaze_rod"
        },
        {
          "fluid": "minecraft:lava",
          "nbt": {},
          "amount": 250
        }
      ],
      "results": [
        {
          "item": "create_netherless:incomplete_blaze_rod"
        }
      ]
    },
    {
      "type": "create:pressing",
      "ingredients": [
        {
          "item": "create_netherless:incomplete_blaze_rod"
        }
      ],
      "results": [
        {
          "item": "create_netherless:incomplete_blaze_rod"
        }
      ]
    }
  ],
  "results": [
    {
      "item": "minecraft:blaze_rod"
    }
  ],
  "loops": 4
}