{
    "name": "Gem Cutting",
    "icon": "apotheosis:gem_cutting_table",
    "category": "apotheosis:adventure/affix_loot",
	"flag": "apotheosis:adventure",
	"sortnum": 5,
    "pages": [
        {
            "type": "patchouli:crafting",
			"recipe": "apotheosis:gem_cutting_table",
			"text": "The $(9)Gem Cutting Table$() is used to upgrade $(l:apotheosis:adventure/affix_loot/gems)Gems$().$(p)Upgrading a gem costs $(9)Gem Dust$(), $(9)Rarity Materials$(), and a second Gem of the same rarity."
		},
		{
			"title": "Upgrade Costs",
            "type": "patchouli:text",
            "text": "The cost of upgrading a Gem increases with its Rarity.$(p)Stronger gems require more $(9)Gem Dust$() and higher-tier $(9)Rarity Materials$().$(p)The exact cost will be shown in the GUI."
        }
	]
}