{
	"disabled": false,
	"model": "epicfight:entity/zombie_villager",
	"renderer": "minecraft:zombie",
	"isHumanoid": true,
	"faction": "villager",
	"attributes": {
		"impact": 0.5,
		"armor_negation": 0.0,
		"max_strikes": 1,
		"chasing_speed": 1.0,
		"scale": 1.0
	},
	"default_livingmotions": {
		"idle": "epicfight:biped/living/idle",
		"walk": "epicfight:biped/living/walk",
		"chase": "epicfight:biped/living/walk",
		"death": "epicfight:biped/living/death"
	},
	"humanoid_weapon_motions": [
		{
			"weapon_categories": ["spear"],
			"style":"two_hand",
			"livingmotions": {
				"walk": "epicfight:biped/living/hold_greatsword",
				"chase": "epicfight:biped/living/hold_greatsword"
			}
		},
		{
			"weapon_categories": ["greatsword"],
			"style":"two_hand",
			"livingmotions": {
				"walk": "epicfight:biped/living/hold_spear",
				"chase": "epicfight:biped/living/hold_spear"
			}
		}
	],
	"stun_animations": {
		"short": "epicfight:biped/combat/hit_short",
		"long": "epicfight:biped/combat/hit_long",
		"knockdown": "epicfight:biped/combat/knockdown",
		"fall": "epicfight:biped/living/landing"
	},
	"combat_behavior": [
		{
			"weapon_categories": ["axe", "hoe", "pickaxe", "shovel", "sword"],
			"style": "one_hand",
			"behavior_series": [
				{
					"weight": 100.0,
					"canBeInterrupted": true,
					"looping": true,
					"behaviors": [
						{
							"conditions": [
								{"predicate":"within_eye_height"}, {"predicate":"within_distance", "min": 0.0, "max": 2.2}
							],
							"animation": "epicfight:biped/combat/mob_onehand1"
						},
						{
							"conditions": [
								{"predicate":"within_eye_height"}, {"predicate":"within_distance", "min": 0.0, "max": 2.2}
							],
							"animation": "epicfight:biped/combat/mob_onehand2"
						}
					]
				},
				{
					"weight": 50.0,
					"canBeInterrupted": true,
					"looping": true,
					"cooldown": 60,
					"behaviors": [
						{
							"conditions": [
								{"predicate":"within_eye_height"}, {"predicate":"within_distance", "min": 0.0, "max": 2.0}
							],
							"animation": "epicfight:biped/skill/roll_backward"
						}
					]
				}
			]
		},
		{
			"weapon_categories": ["spear"],
			"style": "two_hand",
			"behavior_series": [
				{
					"weight": 100.0,
					"canBeInterrupted": true,
					"looping": true,
					"behaviors": [
						{
							"conditions": [
								{"predicate":"within_eye_height"}, {"predicate":"within_distance", "min": 0.0, "max": 3.0}
							],
							"animation": "epicfight:biped/combat/spear_twohand_auto1"
						},
						{
							"conditions": [
								{"predicate":"within_eye_height"}, {"predicate":"within_distance", "min": 0.0, "max": 3.0}
							],
							"animation": "epicfight:biped/combat/spear_twohand_auto2"
						}
					]
				},
				{
					"weight": 50.0,
					"canBeInterrupted": true,
					"looping": true,
					"cooldown": 60,
					"behaviors": [
						{
							"conditions": [
								{"predicate":"within_eye_height"}, {"predicate":"within_distance", "min": 0.0, "max": 2.0}
							],
							"animation": "epicfight:biped/skill/roll_backward"
						}
					]
				}
			]
		},
		{
			"weapon_categories": ["greatsword"],
			"style": "two_hand",
			"behavior_series": [
				{
					"weight": 100.0,
					"canBeInterrupted": true,
					"looping": true,
					"behaviors": [
						{
							"conditions": [
								{"predicate":"within_eye_height"}, {"predicate":"within_distance", "min": 0.0, "max": 2.5}
							],
							"animation": "epicfight:biped/combat/greatsword_auto1"
						},
						{
							"conditions": [
								{"predicate":"within_eye_height"}, {"predicate":"within_distance", "min": 0.0, "max": 2.5}
							],
							"animation": "epicfight:biped/combat/greatsword_auto2"
						}
					]
				},
				{
					"weight": 50.0,
					"canBeInterrupted": true,
					"looping": true,
					"cooldown": 60,
					"behaviors": [
						{
							"conditions": [
								{"predicate":"within_eye_height"}, {"predicate":"within_distance", "min": 0.0, "max": 2.0}
							],
							"animation": "epicfight:biped/skill/roll_backward"
						}
					]
				}
			]
		},
		{
			"weapon_categories": ["fist"],
			"style": "common",
			"behavior_series": [
				{
					"weight": 100.0,
					"canBeInterrupted": true,
					"looping": false,
					"behaviors": [
						{
							"conditions": [
								{"predicate":"within_eye_height"}, {"predicate":"within_distance", "min": 0.0, "max": 2.0}
							],
							"animation": "epicfight:zombie/attack1"
						},
						{
							"conditions": [
								{"predicate":"within_eye_height"}, {"predicate":"within_distance", "min": 0.0, "max": 2.0}
							],
							"animation": "epicfight:zombie/attack2"
						},
						{
							"conditions": [
								{"predicate":"within_eye_height"}, {"predicate":"within_distance", "min": 0.0, "max": 2.0}
							],
							"animation": "epicfight:zombie/attack3"
						}
					]
				},
				{
					"weight": 50.0,
					"canBeInterrupted": true,
					"looping": true,
					"cooldown": 60,
					"behaviors": [
						{
							"conditions": [
								{"predicate":"within_eye_height"}, {"predicate":"within_distance", "min": 0.0, "max": 2.0}
							],
							"animation": "epicfight:biped/skill/roll_backward"
						}
					]
				}
			]
		}
	]
}