{
    "name": "Protection",
    "icon": "minecraft:netherite_chestplate",
    "category": "apotheosis:enchanting/changes",
	"flag": "apotheosis:enchanting",
	"sortnum": 1,
    "pages": [
		{
            "type": "patchouli:text",
            "text": "$(9)Protection$() is no longer exclusive with the subtypes of protection.$(p)This means you can now have $(9)Protection$() and one other defensive enchantment that is normally exclusive."
        },
        {
            "type": "patchouli:text",
            "text": "To account for this, the effectiveness of protection enchantments is modified slightly.$(p)Understanding how means learning a bit about how protection works, and some math.$(p)To begin, we introduce the concept of a Damage Reduction (DR) point, which is the stat that all defensive enchantments benefit."
        },
        {
            "type": "patchouli:text",
            "text": "The $(9)Protection$() enchant provides 1 point against all damage types.$(p)Specialized enchants provide 2 points against one specific type.$(p)$(9)Feather Falling$() provides 3 points against fall damage."
        },
		{
            "type": "patchouli:text",
            "text": "In Apotheosis, each Protection point provides 2.5% damage reduction, up to 85%.$(p)In vanilla, each point provides 4% damage reduction, up to 80%."
        }
	]
}