{
    "name": "Tridents",
    "icon": "minecraft:trident",
    "category": "apotheosis:enchanting/changes",
	"flag": "apotheosis:enchanting",
	"sortnum": 1,
    "pages": [
        {
            "type": "patchouli:text",
            "text": "Alongside the new enchantments, Tridents may now also receive $(9)Sharpness$(), $(9)Looting$(), and $(9)Piercing$().$(p)Sharpness and Looting function as they do on swords.$(p)Piercing causes thrown tridents to be able to hit additional enemies."
        },
		{
            "type": "patchouli:spotlight",
			"title": "Making Tridents",
			"item": "apotheosis:inert_trident",
			"link_recipe": true,
            "text": "Apotheosis also adds a method of creating tridents.$(p)Simply create an $(9)Inert Trident$() and upgrade it through $(l:apotheosis:enchanting/table/infusion)Infusion Enchanting$()."
        }
	]
}