{
    "variant": "cooldown",
    "weight": 5,
    "quality": 0,
    "dimensions": [],
    "bonuses": [
        {
            "type": "apotheosis:attribute",
            "gem_class":
            {
                "key": "anything",
                "types": ["helmet",
                    "chestplate",
                    "leggings",
                    "boots", "spellbook"]
            },
            "attribute": "irons_spellbooks:cooldown_reduction",
            "operation": "MULTIPLY_TOTAL",
            "values":
            {
                "common":
                {
                    "min": 0.001,
                    "steps": 10,
                    "step": 0.001
                },
                "uncommon":
                {
                    "min": 0.03,
                    "steps": 10,
                    "step": 0.001
                },
                "rare":
                {
                    "min": 0.05,
                    "steps": 10,
                    "step": 0.001
                },
                "epic":
                {
                    "min": 0.07,
                    "steps": 10,
                    "step": 0.001
                },
                "mythic":
                {
                    "min": 0.09,
                    "steps": 10,
                    "step": 0.001
                },
                "ancient":
                {
                    "min": 0.1,
                    "steps": 10,
                    "step": 0.001
                }
            }
        }
    ]
}