{
    "variant": "holy",
    "weight": 5,
    "quality": 0,
    "dimensions": [],
    "bonuses": [
        {
            "type": "apotheosis:attribute",
            "gem_class":
            {
                "key": "anything",
                "types": ["helmet",
                    "chestplate",
                    "leggings",
                    "boots", "spellbook"]
            },
            "attribute": "irons_spellbooks:holy_spell_power",
            "operation": "MULTIPLY_TOTAL",
            "values":
            {
                "common":
                {
                    "min": 0.01,
                    "steps": 5,
                    "step": 0.001
                },
                "uncommon":
                {
                    "min": 0.02,
                    "steps": 5,
                    "step": 0.001
                },
                "rare":
                {
                    "min": 0.05,
                    "steps": 5,
                    "step": 0.001
                },
                "epic":
                {
                    "min": 0.08,
                    "steps": 5,
                    "step": 0.001
                },
                "mythic":
                {
                    "min": 0.1,
                    "steps": 5,
                    "step": 0.001
                },
                "ancient":
                {
                    "min": 0.15,
                    "steps": 5,
                    "step": 0.001
                }
            }
        }
    ]
}