{
    "variant": "spell_resist",
    "weight": 5,
    "quality": 0,
    "dimensions": [],
    "bonuses": [
        {
            "type": "apotheosis:attribute",
            "gem_class":
            {
                "key": "armor",
                "types": ["helmet",
                    "chestplate",
                    "leggings",
                    "boots"]
            },
            "attribute": "irons_spellbooks:spell_resist",
            "operation": "MULTIPLY_TOTAL",
            "values":
            {
                "common":
                {
                    "min": 0.001,
                    "steps": 5,
                    "step": 0.001
                },
                "uncommon":
                {
                    "min": 0.01,
                    "steps": 5,
                    "step": 0.001
                },
                "rare":
                {
                    "min": 0.02,
                    "steps": 5,
                    "step": 0.001
                },
                "epic":
                {
                    "min": 0.03,
                    "steps": 5,
                    "step": 0.001
                },
                "mythic":
                {
                    "min": 0.04,
                    "steps": 5,
                    "step": 0.001
                },
                "ancient":
                {
                    "min": 0.05,
                    "steps": 5,
                    "step": 0.001
                }
            }
        }
    ]
}