{
	"entity": "minecraft:stray",
	"weight": 75,
	"quality": 2,
	"size": {
		"width": 1,
		"height": 2
	},
	"valid_gear_sets": [
		"#overworld_bow"
	],
	"dimensions": [
		"minecraft:overworld"
	],
	"mount": {
		"entity": "spider"
	},
	"min_rarity": "uncommon",
	"max_rarity": "rare",
	"stats": {
		"uncommon": {
			"enchant_chance": 0.25,
			"enchantment_levels": [12, 8, 20, 14],
			"effects": [{
				"effect": "minecraft:fire_resistance",
				"chance": 1.0
			}],
			"attribute_modifiers": [{
					"attribute": "minecraft:generic.max_health",
					"operation": "ADDITION",
					"value": {
						"min": 20,
						"steps": 20,
						"step": 2
					}
				},
				{
					"attribute": "minecraft:generic.movement_speed",
					"operation": "MULTIPLY_BASE",
					"value": {
						"min": 0.05,
						"steps": 5,
						"step": 0.01
					}
				},
				{
					"attribute": "apotheosis:arrow_damage",
					"operation": "MULTIPLY_BASE",
					"value": {
						"min": 0.2,
						"steps": 20,
						"step": 0.01
					}
				},
				{
					"attribute": "minecraft:generic.knockback_resistance",
					"operation": "ADDITION",
					"value": 0.25
				}
			]
		},
		"rare": {
			"enchant_chance": 0.35,
			"enchantment_levels": [17, 12, 25, 18],
			"effects": [{
				"effect": "minecraft:fire_resistance",
				"chance": 1.0
			}],
			"attribute_modifiers": [{
					"attribute": "minecraft:generic.max_health",
					"operation": "ADDITION",
					"value": {
						"min": 45,
						"steps": 30,
						"step": 2
					}
				},
				{
					"attribute": "minecraft:generic.movement_speed",
					"operation": "MULTIPLY_BASE",
					"value": {
						"min": 0.10,
						"steps": 10,
						"step": 0.01
					}
				},
				{
					"attribute": "apotheosis:arrow_damage",
					"operation": "MULTIPLY_BASE",
					"value": {
						"min": 0.3,
						"steps": 25,
						"step": 0.01
					}
				},
				{
					"attribute": "minecraft:generic.knockback_resistance",
					"operation": "ADDITION",
					"value": 0.35
				}
			]
		}
	}
}