{
	"entity": "minecraft:witch",
	"weight": 45,
	"quality": 4,
	"size": {
		"width": 1,
		"height": 2
	},
	"valid_gear_sets": [
		"#overworld"
	],
	"dimensions": [
		"minecraft:overworld"
	],
	"min_rarity": "rare",
	"max_rarity": "rare",
	"stats": {
		"rare": {
			"enchant_chance": 0.5,
			"enchantment_levels": [19, 12, 27, 22],
			"effects": [{
				"effect": "minecraft:fire_resistance",
				"chance": 1.0
			}],
			"attribute_modifiers": [{
					"attribute": "minecraft:generic.max_health",
					"operation": "ADDITION",
					"value": {
						"min": 40,
						"steps": 40,
						"step": 2
					}
				},
				{
					"attribute": "minecraft:generic.movement_speed",
					"operation": "MULTIPLY_BASE",
					"value": {
						"min": 0.10,
						"steps": 12,
						"step": 0.01
					}
				},
				{
					"attribute": "minecraft:generic.attack_damage",
					"operation": "MULTIPLY_BASE",
					"value": {
						"min": 0.25,
						"steps": 30,
						"step": 0.01
					}
				},
				{
					"attribute": "minecraft:generic.knockback_resistance",
					"operation": "ADDITION",
					"value": 0.4
				},
				{
					"attribute": "apotheosis:healing_received",
					"operation": "MULTIPLY_TOTAL",
					"value": -0.5
				}
			]
		},
		"epic": {
			"enchant_chance": 0.65,
			"enchantment_levels": [21, 16, 30, 25],
			"effects": [{
				"effect": "minecraft:fire_resistance",
				"chance": 1.0
			}],
			"attribute_modifiers": [{
					"attribute": "minecraft:generic.max_health",
					"operation": "ADDITION",
					"value": {
						"min": 60,
						"steps": 40,
						"step": 2
					}
				},
				{
					"attribute": "minecraft:generic.movement_speed",
					"operation": "MULTIPLY_BASE",
					"value": {
						"min": 0.10,
						"steps": 12,
						"step": 0.01
					}
				},
				{
					"attribute": "minecraft:generic.attack_damage",
					"operation": "MULTIPLY_BASE",
					"value": {
						"min": 0.25,
						"steps": 30,
						"step": 0.01
					}
				},
				{
					"attribute": "minecraft:generic.knockback_resistance",
					"operation": "ADDITION",
					"value": 0.45
				},
				{
					"attribute": "minecraft:generic.armor",
					"operation": "ADDITION",
					"value": 6
				},
				{
					"attribute": "minecraft:generic.armor_toughness",
					"operation": "ADDITION",
					"value": 3
				},
				{
					"attribute": "apotheosis:healing_received",
					"operation": "MULTIPLY_TOTAL",
					"value": -0.5
				}
			]
		}
	}
}