{
    "name": "Cobwebs",
    "icon": "minecraft:cobweb",
    "category": "apotheosis:enchanting/utility",
	"flag": "apotheosis:enchanting",
    "pages": [
        {
            "type": "patchouli:text",
            "text": "Cobwebs can be combined with an item in an anvil to remove all enchantments.$(p)Prismatic Cobwebs can be combined with an item in an anvil to remove all curses."
        },
		{
            "type": "patchouli:crafting",
			"recipe": "apotheosis:cobweb",
			"recipe2": "apotheosis:prismatic_web"
		}
	]
}