{
	"weight": 100,
	"mainhands": [{
			"weight": 3,
			"stack": {
				"item": "minecraft:wooden_sword"
			}
		},
		{
			"weight": 3,
			"stack": {
				"item": "minecraft:wooden_axe"
			}
		},
		{
			"weight": 2,
			"stack": {
				"item": "minecraft:wooden_pickaxe"
			}
		},
		{
			"weight": 2,
			"stack": {
				"item": "minecraft:wooden_shovel"
			}
		}
	],
	"offhands": [],
	"boots": [{
		"weight": 1,
		"stack": {
			"item": "minecraft:leather_boots"
		}
	}],
	"leggings": [{
		"weight": 1,
		"stack": {
			"item": "minecraft:leather_leggings"
		}
	}],
	"chestplates": [{
		"weight": 1,
		"stack": {
			"item": "minecraft:leather_chestplate"
		}
	}],
	"helmets": [{
		"weight": 1,
		"stack": {
			"item": "minecraft:leather_helmet"
		}
	}],
	"tags": [
		"overworld"
	]
}