{
  "id": "skilltree:alchemist_healing_notable_1",
  "bonuses": [
    {
      "type": "skilltree:attribute",
      "attribute": "skilltree:life_per_hit",
      "id": "ee287237-4faf-4ef0-94d5-51dc359ede33",
      "name": "Skill",
      "amount": 0.1,
      "operation": 0,
      "player_multiplier": {
        "type": "skilltree:effect_amount"
      },
      "player_condition": {
        "type": "skilltree:none"
      }
    }
  ],
  "connectedSkills": [],
  "connectedAsGateways": [],
  "backgroundTexture": "skilltree:textures/icons/background/notable.png",
  "iconTexture": "skilltree:textures/icons/alchemist_healing_notable_1.png",
  "borderTexture": "skilltree:textures/tooltip/notable.png",
  "titleColor": "",
  "positionX": 54.9606,
  "positionY": 94.42358,
  "buttonSize": 20,
  "isStartingPoint": false
}