{
  "id": "skilltree:cook_subclass_1_crafting_1",
  "bonuses": [
    {
      "type": "skilltree:crafted_item_bonus",
      "item_condition": {
        "weapon_type": "axe",
        "type": "skilltree:weapon"
      },
      "item_bonus": {
        "skill_bonus": {
          "chance": 0.01,
          "player_multiplier": {
            "type": "skilltree:none"
          },
          "player_condition": {
            "type": "skilltree:none"
          },
          "damage_condition": {
            "type": "skilltree:none"
          },
          "target_condition": {
            "type": "skilltree:none"
          },
          "type": "skilltree:crit_chance"
        },
        "type": "skilltree:skill_bonus"
      }
    }
  ],
  "connectedSkills": [
    "skilltree:cook_subclass_1_crafting_2"
  ],
  "connectedAsGateways": [],
  "backgroundTexture": "skilltree:textures/icons/background/lesser.png",
  "iconTexture": "skilltree:textures/icons/cook_subclass_1_crafting_1.png",
  "borderTexture": "skilltree:textures/tooltip/lesser.png",
  "titleColor": "",
  "positionX": 160.97168,
  "positionY": -342.78323,
  "buttonSize": 16,
  "isStartingPoint": false
}