{
  "id": "skilltree:cook_subclass_1_crafting_notable_1",
  "bonuses": [
    {
      "type": "skilltree:crafted_item_bonus",
      "item_condition": {
        "weapon_type": "axe",
        "type": "skilltree:weapon"
      },
      "item_bonus": {
        "skill_bonus": {
          "chance": 0.05,
          "player_multiplier": {
            "type": "skilltree:none"
          },
          "player_condition": {
            "type": "skilltree:none"
          },
          "damage_condition": {
            "type": "skilltree:none"
          },
          "target_condition": {
            "type": "skilltree:none"
          },
          "type": "skilltree:crit_chance"
        },
        "type": "skilltree:skill_bonus"
      }
    }
  ],
  "connectedSkills": [],
  "connectedAsGateways": [],
  "backgroundTexture": "skilltree:textures/icons/background/notable.png",
  "iconTexture": "skilltree:textures/icons/cook_subclass_1_crafting_notable_1.png",
  "borderTexture": "skilltree:textures/tooltip/notable.png",
  "titleColor": "",
  "positionX": 186.95293,
  "positionY": -435.7824,
  "buttonSize": 20,
  "isStartingPoint": false
}