{
  "id": "skilltree:cook_subclass_2_crafting_2",
  "bonuses": [
    {
      "type": "skilltree:gained_experience",
      "multiplier": 0.2,
      "experience_source": "fishing"
    }
  ],
  "connectedSkills": [
    "skilltree:cook_subclass_2_crafting_3",
    "skilltree:cook_subclass_2_crafting_5"
  ],
  "connectedAsGateways": [],
  "backgroundTexture": "skilltree:textures/icons/background/lesser.png",
  "iconTexture": "skilltree:textures/icons/cook_subclass_2_crafting_1.png",
  "borderTexture": "skilltree:textures/tooltip/lesser.png",
  "titleColor": "",
  "positionX": -160.95645,
  "positionY": -368.79865,
  "buttonSize": 16,
  "isStartingPoint": false
}