{
  "id": "skilltree:enchanter_lesser_3",
  "bonuses": [
    {
      "type": "skilltree:enchantment_requirement",
      "multiplier": -0.05
    }
  ],
  "connectedSkills": [],
  "connectedAsGateways": [],
  "backgroundTexture": "skilltree:textures/icons/background/lesser.png",
  "iconTexture": "skilltree:textures/icons/enchanter_lesser_1.png",
  "borderTexture": "skilltree:textures/tooltip/lesser.png",
  "titleColor": "",
  "positionX": 288.71185,
  "positionY": -199.00313,
  "buttonSize": 16,
  "isStartingPoint": false
}