{
  "id": "skilltree:enchanter_subclass_2_crafting_2",
  "bonuses": [
    {
      "type": "skilltree:attribute",
      "attribute": "attributeslib:mining_speed",
      "id": "61a50cb8-5186-4a0d-91cd-3469216494b9",
      "name": "SkillBonus",
      "amount": 0.1,
      "operation": 0,
      "player_multiplier": {
        "type": "skilltree:none"
      },
      "player_condition": {
        "type": "skilltree:none"
      }
    }
  ],
  "connectedSkills": [
    "skilltree:enchanter_subclass_2_crafting_3",
    "skilltree:enchanter_subclass_2_crafting_5"
  ],
  "connectedAsGateways": [],
  "backgroundTexture": "skilltree:textures/icons/background/lesser.png",
  "iconTexture": "skilltree:textures/icons/miner_lesser_1.png",
  "borderTexture": "skilltree:textures/tooltip/lesser.png",
  "titleColor": "",
  "positionX": 238.92113,
  "positionY": -323.78406,
  "buttonSize": 16,
  "isStartingPoint": false
}