{
  "id": "skilltree:enchanter_defensive_crafting_1",
  "bonuses": [
    {
      "type": "skilltree:attribute",
      "attribute": "irons_spellbooks:cooldown_reduction",
      "id": "739035a0-608e-4804-808f-be6a0d09e273",
      "name": "Skill",
      "amount": 0.05,
      "operation": 1,
      "player_multiplier": {
        "type": "skilltree:none"
      },
      "player_condition": {
        "type": "skilltree:none"
      }
    }
  ],
  "connectedSkills": [
    "skilltree:enchanter_defensive_crafting_2"
  ],
  "connectedAsGateways": [],
  "backgroundTexture": "skilltree:textures/icons/background/lesser.png",
  "iconTexture": "skilltree:textures/icons/enchanter_defensive_crafting_1.png",
  "borderTexture": "skilltree:textures/tooltip/lesser.png",
  "titleColor": "",
  "positionX": 105.658485,
  "positionY": -90.99745,
  "buttonSize": 16,
  "isStartingPoint": false
}