{
  "id": "skilltree:miner_crafting_notable_1",
  "bonuses": [
    {
      "type": "skilltree:attribute",
      "attribute": "irons_spellbooks:max_mana",
      "id": "98f16e6e-50ec-4999-b762-dc672b2ebc40",
      "name": "Skill",
      "amount": 25.0,
      "operation": 0,
      "player_multiplier": {
        "type": "skilltree:none"
      },
      "player_condition": {
        "type": "skilltree:none"
      }
    },
    {
      "type": "skilltree:crafted_item_bonus",
      "item_condition": {
        "type": "skilltree:food"
      },
      "item_bonus": {
        "effect": "irons_spellbooks:instant_mana",
        "duration": 20,
        "amplifier": 0,
        "type": "skilltree:food_effect"
      }
    }
  ],
  "connectedSkills": [],
  "connectedAsGateways": [],
  "backgroundTexture": "skilltree:textures/icons/background/notable.png",
  "iconTexture": "skilltree:textures/icons/enchanter_subclass_1_mastery.png",
  "borderTexture": "skilltree:textures/tooltip/notable.png",
  "title": "Destruction",
  "titleColor": "",
  "positionX": -32.04,
  "positionY": 18.5,
  "buttonSize": 20,
  "isStartingPoint": false
}