{
  "id": "skilltree:miner_defensive_3",
  "bonuses": [
    {
      "type": "skilltree:attribute",
      "attribute": "irons_spellbooks:cast_time_reduction",
      "id": "6ee3f6b1-2d32-4bb7-ba38-9d73371d06ec",
      "name": "SkillBonus",
      "amount": 0.05,
      "operation": 1,
      "player_multiplier": {
        "type": "skilltree:none"
      },
      "player_condition": {
        "type": "skilltree:none"
      }
    }
  ],
  "connectedSkills": [
    "skilltree:miner_defensive_4"
  ],
  "connectedAsGateways": [],
  "backgroundTexture": "skilltree:textures/icons/background/lesser.png",
  "iconTexture": "skilltree:textures/icons/miner_defensive_1.png",
  "borderTexture": "skilltree:textures/tooltip/lesser.png",
  "titleColor": "",
  "positionX": -172.64282,
  "positionY": 147.00725,
  "buttonSize": 16,
  "isStartingPoint": false
}