{
  "pools": [
    {
      "rolls": 1,
      "entries": [
        {
          "type": "minecraft:item",
          "weight": 20,
          "name": "minecraft:iron_boots",
          "functions": [
            {
              "function": "minecraft:enchant_with_levels",
              "levels": {
                "min": 2,
                "max": 3
              },
              "treasure": false
            }
          ]
        },
        {
          "type": "minecraft:item",
          "weight": 0,
          "name": "minecraft:iron_boots",
          "functions": [
            {
              "function": "minecraft:enchant_with_levels",
              "levels": {
                "min": 2,
                "max": 3
              }
            }
          ]
        }
      ]
    }
  ]
}
