{
	"type": "guardvillagers:slot",
	"pools": [{
		"rolls": 1,
		"entries": [{
				"type": "minecraft:empty",
				"weight": 20
			},
			{
				"type": "minecraft:item",
				"weight": 45,
				"name": "minecraft:leather_boots",
          "functions": [
            {
              "function": "minecraft:set_enchantments",
              "enchantments": {}
            }
          ]
			},
			{
				"type": "minecraft:item",
				"weight": 45,
				"name": "minecraft:golden_boots",
          "functions": [
            {
              "function": "minecraft:set_enchantments",
              "enchantments": {}
            }
          ]
			},
			{
				"type": "minecraft:item",
				"weight": 39,
				"name": "minecraft:chainmail_boots",
          "functions": [
            {
              "function": "minecraft:set_enchantments",
              "enchantments": {}
            }
          ]
			},
			{
				"type": "minecraft:item",
				"weight": 50,
				"name": "minecraft:iron_boots",
          "functions": [
            {
              "function": "minecraft:set_enchantments",
              "enchantments": {}
            }
          ]
			}
		]
	}]
}