{
	"model": "epicfight:entity/skeleton",
	"renderer": "minecraft:skeleton",
	"isHumanoid": true,
	"faction": "undead",
	"attributes": {
		"impact": 0.5,
		"armor_negation": 0.0,
		"max_strikes": 1,
		"chasing_speed": 1.0,
        "scale": 0.6
	},
	"default_livingmotions": {
		"idle": "epicfight:biped/living/idle",
		"walk": "epicfight:biped/living/walk",
		"chase": "epicfight:biped/living/walk",
		"mount": "epicfight:biped/living/mount",
                "fall": "epicfight:biped/living/fall",
		"death": "epicfight:biped/living/death"
	},
	"stun_animations": {
		"short": "epicfight:biped/combat/hit_short",
		"long": "epicfight:biped/combat/hit_long",
		"knockdown": "epicfight:biped/combat/knockdown",
		"fall": "epicfight:biped/living/landing"
	},
	"combat_behavior": [
		{
			"weapon_categories": ["axe", "hoe", "pickaxe", "shovel", "sword"],
			"style": "one_hand",
			"behavior_series": [
				{
					"weight": 100.0,
					"canBeInterrupted": true,
					"looping": true,
					"behaviors": [
						{
							"conditions": [
								{"predicate":"within_eye_height"}, {"predicate":"within_distance", "min": 0.0, "max": 2.2}
							],
							"animation": "epicfight:biped/combat/mob_onehand1"
						},
						{
							"conditions": [
								{"predicate":"within_eye_height"}, {"predicate":"within_distance", "min": 0.0, "max": 2.2}
							],
							"animation": "epicfight:biped/combat/mob_onehand2"
						}
					]
				}
			]
		},
		{
			"weapon_categories": ["fist"],
			"style": "common",
			"behavior_series": [
				{
					"weight": 100.0,
					"canBeInterrupted": true,
					"looping": false,
					"behaviors": [
						{
							"conditions": [
								{"predicate":"within_eye_height"}, {"predicate":"within_distance", "min": 0.0, "max": 2.0}
							],
							"animation": "epicfight:zombie/attack1"
						},
						{
							"conditions": [
								{"predicate":"within_eye_height"}, {"predicate":"within_distance", "min": 0.0, "max": 2.0}
							],
							"animation": "epicfight:zombie/attack2"
						},
						{
							"conditions": [
								{"predicate":"within_eye_height"}, {"predicate":"within_distance", "min": 0.0, "max": 2.0}
							],
							"animation": "epicfight:zombie/attack3"
						}
					]
				}
			]
		}
	]
}